,Códigos dos Municípios,Nome dos Municípios,Anos,Porcentagem de Docentes com Formação Adequada no Fundamental,Porcentagem de Alunos do Ensino Fundamental em Escolas com Laboratório de Informática,Porcentagem de Alunos do Ensino Fundamental em Escolas com Acesso à Internet
1,2600054,Abreu E Lima (PE),2008,NA,NA,NA
2,2600054,Abreu E Lima (PE),2009,NA,NA,NA
3,2600054,Abreu E Lima (PE),2010,NA,NA,NA
4,2600054,Abreu E Lima (PE),2011,NA,NA,NA
5,2600054,Abreu E Lima (PE),2012,NA,NA,NA
6,2600054,Abreu E Lima (PE),2013,58.6,45.97,90.04
7,2600054,Abreu E Lima (PE),2014,59.3,47.88,88.34
8,2600054,Abreu E Lima (PE),2015,54.7,42.86,88.12
9,2600054,Abreu E Lima (PE),2016,53.5,41.58,91.14
10,2600054,Abreu E Lima (PE),2017,55.8,37.61,87.03
11,2600054,Abreu E Lima (PE),2018,NA,NA,NA
12,2600104,Afogados da Ingazeira (PE),2008,NA,NA,NA
13,2600104,Afogados da Ingazeira (PE),2009,NA,NA,NA
14,2600104,Afogados da Ingazeira (PE),2010,NA,NA,NA
15,2600104,Afogados da Ingazeira (PE),2011,NA,NA,NA
16,2600104,Afogados da Ingazeira (PE),2012,NA,NA,NA
17,2600104,Afogados da Ingazeira (PE),2013,34.5,91.26,91.26
18,2600104,Afogados da Ingazeira (PE),2014,41.5,91.55,91.55
19,2600104,Afogados da Ingazeira (PE),2015,38.3,87.62,92.52
20,2600104,Afogados da Ingazeira (PE),2016,34.2,87.19,92.96
21,2600104,Afogados da Ingazeira (PE),2017,35.9,85.5,87.37
22,2600104,Afogados da Ingazeira (PE),2018,NA,NA,NA
23,2600203,Afrânio (PE),2008,NA,NA,NA
24,2600203,Afrânio (PE),2009,NA,NA,NA
25,2600203,Afrânio (PE),2010,NA,NA,NA
26,2600203,Afrânio (PE),2011,NA,NA,NA
27,2600203,Afrânio (PE),2012,NA,NA,NA
28,2600203,Afrânio (PE),2013,22.7,49.21,58.2
29,2600203,Afrânio (PE),2014,21.4,48,57.6
30,2600203,Afrânio (PE),2015,26.5,42.09,49.35
31,2600203,Afrânio (PE),2016,39.3,24.76,82.62
32,2600203,Afrânio (PE),2017,33.6,48.32,83.81
33,2600203,Afrânio (PE),2018,NA,NA,NA
34,2600302,Agrestina (PE),2008,NA,NA,NA
35,2600302,Agrestina (PE),2009,NA,NA,NA
36,2600302,Agrestina (PE),2010,NA,NA,NA
37,2600302,Agrestina (PE),2011,NA,NA,NA
38,2600302,Agrestina (PE),2012,NA,NA,NA
39,2600302,Agrestina (PE),2013,19.2,82.37,61.88
40,2600302,Agrestina (PE),2014,20.7,82.15,60.4
41,2600302,Agrestina (PE),2015,17.5,81.02,55.16
42,2600302,Agrestina (PE),2016,18.5,82.09,77.02
43,2600302,Agrestina (PE),2017,17.6,73.93,96.02
44,2600302,Agrestina (PE),2018,NA,NA,NA
45,2600401,Água Preta (PE),2008,NA,NA,NA
46,2600401,Água Preta (PE),2009,NA,NA,NA
47,2600401,Água Preta (PE),2010,NA,NA,NA
48,2600401,Água Preta (PE),2011,NA,NA,NA
49,2600401,Água Preta (PE),2012,NA,NA,NA
50,2600401,Água Preta (PE),2013,29.8,7.42,5.25
51,2600401,Água Preta (PE),2014,33.5,19.06,43.22
52,2600401,Água Preta (PE),2015,33.7,21.65,30.92
53,2600401,Água Preta (PE),2016,30,25.44,61.47
54,2600401,Água Preta (PE),2017,30.6,60.9,26.11
55,2600401,Água Preta (PE),2018,NA,NA,NA
56,2600500,Águas Belas (PE),2008,NA,NA,NA
57,2600500,Águas Belas (PE),2009,NA,NA,NA
58,2600500,Águas Belas (PE),2010,NA,NA,NA
59,2600500,Águas Belas (PE),2011,NA,NA,NA
60,2600500,Águas Belas (PE),2012,NA,NA,NA
61,2600500,Águas Belas (PE),2013,22.1,85.87,71.72
62,2600500,Águas Belas (PE),2014,29.9,88.13,75.1
63,2600500,Águas Belas (PE),2015,33,89.05,53.15
64,2600500,Águas Belas (PE),2016,40.3,88.88,96.69
65,2600500,Águas Belas (PE),2017,39.3,61.52,93.51
66,2600500,Águas Belas (PE),2018,NA,NA,NA
67,2600609,Alagoinha (PE),2008,NA,NA,NA
68,2600609,Alagoinha (PE),2009,NA,NA,NA
69,2600609,Alagoinha (PE),2010,NA,NA,NA
70,2600609,Alagoinha (PE),2011,NA,NA,NA
71,2600609,Alagoinha (PE),2012,NA,NA,NA
72,2600609,Alagoinha (PE),2013,23.2,76.34,80.05
73,2600609,Alagoinha (PE),2014,20.6,79.04,88.48
74,2600609,Alagoinha (PE),2015,22.2,71.81,99.18
75,2600609,Alagoinha (PE),2016,20.4,77.83,94.46
76,2600609,Alagoinha (PE),2017,25.9,62.1,91.84
77,2600609,Alagoinha (PE),2018,NA,NA,NA
78,2600708,Aliança (PE),2008,NA,NA,NA
79,2600708,Aliança (PE),2009,NA,NA,NA
80,2600708,Aliança (PE),2010,NA,NA,NA
81,2600708,Aliança (PE),2011,NA,NA,NA
82,2600708,Aliança (PE),2012,NA,NA,NA
83,2600708,Aliança (PE),2013,26.3,66.48,77.98
84,2600708,Aliança (PE),2014,30,72.53,78.31
85,2600708,Aliança (PE),2015,28.9,54.32,85.9
86,2600708,Aliança (PE),2016,28.4,66.53,97.77
87,2600708,Aliança (PE),2017,28.5,67.03,96.79
88,2600708,Aliança (PE),2018,NA,NA,NA
89,2600807,Altinho (PE),2008,NA,NA,NA
90,2600807,Altinho (PE),2009,NA,NA,NA
91,2600807,Altinho (PE),2010,NA,NA,NA
92,2600807,Altinho (PE),2011,NA,NA,NA
93,2600807,Altinho (PE),2012,NA,NA,NA
94,2600807,Altinho (PE),2013,27.4,75.26,41.78
95,2600807,Altinho (PE),2014,27.3,73.08,67.62
96,2600807,Altinho (PE),2015,17.7,70.21,78.39
97,2600807,Altinho (PE),2016,21.9,68.37,65.9
98,2600807,Altinho (PE),2017,42.3,42.28,54.02
99,2600807,Altinho (PE),2018,NA,NA,NA
100,2600906,Amaraji (PE),2008,NA,NA,NA
101,2600906,Amaraji (PE),2009,NA,NA,NA
102,2600906,Amaraji (PE),2010,NA,NA,NA
103,2600906,Amaraji (PE),2011,NA,NA,NA
104,2600906,Amaraji (PE),2012,NA,NA,NA
105,2600906,Amaraji (PE),2013,22.8,81.85,54.09
106,2600906,Amaraji (PE),2014,26,82.45,54.46
107,2600906,Amaraji (PE),2015,23,83.53,59.81
108,2600906,Amaraji (PE),2016,23.7,84.56,50.03
109,2600906,Amaraji (PE),2017,21.7,74.74,81.32
110,2600906,Amaraji (PE),2018,NA,NA,NA
111,2601003,Angelim (PE),2008,NA,NA,NA
112,2601003,Angelim (PE),2009,NA,NA,NA
113,2601003,Angelim (PE),2010,NA,NA,NA
114,2601003,Angelim (PE),2011,NA,NA,NA
115,2601003,Angelim (PE),2012,NA,NA,NA
116,2601003,Angelim (PE),2013,21.5,84.47,84.47
117,2601003,Angelim (PE),2014,18.4,88.49,85.24
118,2601003,Angelim (PE),2015,34,90.18,94.23
119,2601003,Angelim (PE),2016,45.7,89.9,95.55
120,2601003,Angelim (PE),2017,39.8,90.2,92.6
121,2601003,Angelim (PE),2018,NA,NA,NA
122,2601052,Araçoiaba (PE),2008,NA,NA,NA
123,2601052,Araçoiaba (PE),2009,NA,NA,NA
124,2601052,Araçoiaba (PE),2010,NA,NA,NA
125,2601052,Araçoiaba (PE),2011,NA,NA,NA
126,2601052,Araçoiaba (PE),2012,NA,NA,NA
127,2601052,Araçoiaba (PE),2013,47.6,58.89,52.87
128,2601052,Araçoiaba (PE),2014,38.4,65.01,89.14
129,2601052,Araçoiaba (PE),2015,48,62.33,85.01
130,2601052,Araçoiaba (PE),2016,54.4,29.17,85.31
131,2601052,Araçoiaba (PE),2017,49.6,25.97,88.72
132,2601052,Araçoiaba (PE),2018,NA,NA,NA
133,2601102,Araripina (PE),2008,NA,NA,NA
134,2601102,Araripina (PE),2009,NA,NA,NA
135,2601102,Araripina (PE),2010,NA,NA,NA
136,2601102,Araripina (PE),2011,NA,NA,NA
137,2601102,Araripina (PE),2012,NA,NA,NA
138,2601102,Araripina (PE),2013,26.2,49.48,55.76
139,2601102,Araripina (PE),2014,31.5,43.35,69.58
140,2601102,Araripina (PE),2015,24.7,43.11,68.74
141,2601102,Araripina (PE),2016,29,44.63,78.57
142,2601102,Araripina (PE),2017,32.8,37.87,69.66
143,2601102,Araripina (PE),2018,NA,NA,NA
144,2601201,Arcoverde (PE),2008,NA,NA,NA
145,2601201,Arcoverde (PE),2009,NA,NA,NA
146,2601201,Arcoverde (PE),2010,NA,NA,NA
147,2601201,Arcoverde (PE),2011,NA,NA,NA
148,2601201,Arcoverde (PE),2012,NA,NA,NA
149,2601201,Arcoverde (PE),2013,29.2,74.34,91.49
150,2601201,Arcoverde (PE),2014,32.1,75.16,92.66
151,2601201,Arcoverde (PE),2015,34,70.33,92.72
152,2601201,Arcoverde (PE),2016,37.6,67.16,94.48
153,2601201,Arcoverde (PE),2017,36.6,49.99,67.8
154,2601201,Arcoverde (PE),2018,NA,NA,NA
155,2601300,Barra de Guabiraba (PE),2008,NA,NA,NA
156,2601300,Barra de Guabiraba (PE),2009,NA,NA,NA
157,2601300,Barra de Guabiraba (PE),2010,NA,NA,NA
158,2601300,Barra de Guabiraba (PE),2011,NA,NA,NA
159,2601300,Barra de Guabiraba (PE),2012,NA,NA,NA
160,2601300,Barra de Guabiraba (PE),2013,48.8,47.22,94.72
161,2601300,Barra de Guabiraba (PE),2014,48.4,44.18,93.46
162,2601300,Barra de Guabiraba (PE),2015,40.1,4.93,94.49
163,2601300,Barra de Guabiraba (PE),2016,34.1,1.19,96.97
164,2601300,Barra de Guabiraba (PE),2017,40.4,0,97.51
165,2601300,Barra de Guabiraba (PE),2018,NA,NA,NA
166,2601409,Barreiros (PE),2008,NA,NA,NA
167,2601409,Barreiros (PE),2009,NA,NA,NA
168,2601409,Barreiros (PE),2010,NA,NA,NA
169,2601409,Barreiros (PE),2011,NA,NA,NA
170,2601409,Barreiros (PE),2012,NA,NA,NA
171,2601409,Barreiros (PE),2013,29.5,58.23,60.12
172,2601409,Barreiros (PE),2014,28.8,56.85,53.99
173,2601409,Barreiros (PE),2015,30.8,54.58,74.97
174,2601409,Barreiros (PE),2016,28.1,53.63,75.24
175,2601409,Barreiros (PE),2017,29.5,46.99,67.96
176,2601409,Barreiros (PE),2018,NA,NA,NA
177,2601508,Belém de Maria (PE),2008,NA,NA,NA
178,2601508,Belém de Maria (PE),2009,NA,NA,NA
179,2601508,Belém de Maria (PE),2010,NA,NA,NA
180,2601508,Belém de Maria (PE),2011,NA,NA,NA
181,2601508,Belém de Maria (PE),2012,NA,NA,NA
182,2601508,Belém de Maria (PE),2013,16.1,85.8,88.69
183,2601508,Belém de Maria (PE),2014,15.2,51.94,86.88
184,2601508,Belém de Maria (PE),2015,10,0,87.51
185,2601508,Belém de Maria (PE),2016,11.9,0,87.36
186,2601508,Belém de Maria (PE),2017,20.8,0,05.01
187,2601508,Belém de Maria (PE),2018,NA,NA,NA
188,2601607,Belém do São Francisco (PE),2008,NA,NA,NA
189,2601607,Belém do São Francisco (PE),2009,NA,NA,NA
190,2601607,Belém do São Francisco (PE),2010,NA,NA,NA
191,2601607,Belém do São Francisco (PE),2011,NA,NA,NA
192,2601607,Belém do São Francisco (PE),2012,NA,NA,NA
193,2601607,Belém do São Francisco (PE),2013,18.3,70.29,71.82
194,2601607,Belém do São Francisco (PE),2014,16.3,69.45,61.44
195,2601607,Belém do São Francisco (PE),2015,20.1,72.26,72.83
196,2601607,Belém do São Francisco (PE),2016,20.2,76.79,75.77
197,2601607,Belém do São Francisco (PE),2017,17.3,73.05,77.69
198,2601607,Belém do São Francisco (PE),2018,NA,NA,NA
199,2601706,Belo Jardim (PE),2008,NA,NA,NA
200,2601706,Belo Jardim (PE),2009,NA,NA,NA
201,2601706,Belo Jardim (PE),2010,NA,NA,NA
202,2601706,Belo Jardim (PE),2011,NA,NA,NA
203,2601706,Belo Jardim (PE),2012,NA,NA,NA
204,2601706,Belo Jardim (PE),2013,24.7,57.17,67.56
205,2601706,Belo Jardim (PE),2014,25.7,57.57,73.1
206,2601706,Belo Jardim (PE),2015,22.3,62,74.46
207,2601706,Belo Jardim (PE),2016,21.7,58.24,80.37
208,2601706,Belo Jardim (PE),2017,23.3,50.64,79.68
209,2601706,Belo Jardim (PE),2018,NA,NA,NA
210,2601805,Betânia (PE),2008,NA,NA,NA
211,2601805,Betânia (PE),2009,NA,NA,NA
212,2601805,Betânia (PE),2010,NA,NA,NA
213,2601805,Betânia (PE),2011,NA,NA,NA
214,2601805,Betânia (PE),2012,NA,NA,NA
215,2601805,Betânia (PE),2013,40.2,93.72,58.28
216,2601805,Betânia (PE),2014,39.6,94.15,63.81
217,2601805,Betânia (PE),2015,35.6,99.17,52.63
218,2601805,Betânia (PE),2016,28.6,99.01,50.81
219,2601805,Betânia (PE),2017,32.3,5.1,74.21
220,2601805,Betânia (PE),2018,NA,NA,NA
221,2601904,Bezerros (PE),2008,NA,NA,NA
222,2601904,Bezerros (PE),2009,NA,NA,NA
223,2601904,Bezerros (PE),2010,NA,NA,NA
224,2601904,Bezerros (PE),2011,NA,NA,NA
225,2601904,Bezerros (PE),2012,NA,NA,NA
226,2601904,Bezerros (PE),2013,46.2,64.53,56.39
227,2601904,Bezerros (PE),2014,41.7,62.17,77.7
228,2601904,Bezerros (PE),2015,53,47.6,91.75
229,2601904,Bezerros (PE),2016,56,52.67,85.18
230,2601904,Bezerros (PE),2017,60.1,39.42,90.4
231,2601904,Bezerros (PE),2018,NA,NA,NA
232,2602001,Bodocó (PE),2008,NA,NA,NA
233,2602001,Bodocó (PE),2009,NA,NA,NA
234,2602001,Bodocó (PE),2010,NA,NA,NA
235,2602001,Bodocó (PE),2011,NA,NA,NA
236,2602001,Bodocó (PE),2012,NA,NA,NA
237,2602001,Bodocó (PE),2013,25.1,20.33,61.25
238,2602001,Bodocó (PE),2014,22.1,16.8,64.55
239,2602001,Bodocó (PE),2015,23.3,17.34,69.59
240,2602001,Bodocó (PE),2016,25.2,17.74,65.18
241,2602001,Bodocó (PE),2017,25.7,17.65,73.33
242,2602001,Bodocó (PE),2018,NA,NA,NA
243,2602100,Bom Conselho (PE),2008,NA,NA,NA
244,2602100,Bom Conselho (PE),2009,NA,NA,NA
245,2602100,Bom Conselho (PE),2010,NA,NA,NA
246,2602100,Bom Conselho (PE),2011,NA,NA,NA
247,2602100,Bom Conselho (PE),2012,NA,NA,NA
248,2602100,Bom Conselho (PE),2013,27.6,71.57,59.36
249,2602100,Bom Conselho (PE),2014,29.1,68.86,61.14
250,2602100,Bom Conselho (PE),2015,27.8,68.86,40.88
251,2602100,Bom Conselho (PE),2016,27.9,64.93,38.21
252,2602100,Bom Conselho (PE),2017,26.2,56.54,36.69
253,2602100,Bom Conselho (PE),2018,NA,NA,NA
254,2602209,Bom Jardim (PE),2008,NA,NA,NA
255,2602209,Bom Jardim (PE),2009,NA,NA,NA
256,2602209,Bom Jardim (PE),2010,NA,NA,NA
257,2602209,Bom Jardim (PE),2011,NA,NA,NA
258,2602209,Bom Jardim (PE),2012,NA,NA,NA
259,2602209,Bom Jardim (PE),2013,38.6,65.05,81.3
260,2602209,Bom Jardim (PE),2014,30.4,61.19,78.91
261,2602209,Bom Jardim (PE),2015,31.4,58.95,86.37
262,2602209,Bom Jardim (PE),2016,30.3,62.26,87.97
263,2602209,Bom Jardim (PE),2017,32.2,49.99,90.01
264,2602209,Bom Jardim (PE),2018,NA,NA,NA
265,2602308,Bonito (PE),2008,NA,NA,NA
266,2602308,Bonito (PE),2009,NA,NA,NA
267,2602308,Bonito (PE),2010,NA,NA,NA
268,2602308,Bonito (PE),2011,NA,NA,NA
269,2602308,Bonito (PE),2012,NA,NA,NA
270,2602308,Bonito (PE),2013,46,91.42,61.42
271,2602308,Bonito (PE),2014,47.9,89.23,52.67
272,2602308,Bonito (PE),2015,46.6,82.61,72.83
273,2602308,Bonito (PE),2016,50.3,87.36,80.42
274,2602308,Bonito (PE),2017,46.6,80.19,70.54
275,2602308,Bonito (PE),2018,NA,NA,NA
276,2602407,Brejão (PE),2008,NA,NA,NA
277,2602407,Brejão (PE),2009,NA,NA,NA
278,2602407,Brejão (PE),2010,NA,NA,NA
279,2602407,Brejão (PE),2011,NA,NA,NA
280,2602407,Brejão (PE),2012,NA,NA,NA
281,2602407,Brejão (PE),2013,35.4,11.13,32.69
282,2602407,Brejão (PE),2014,49.4,5.8,28.74
283,2602407,Brejão (PE),2015,48.3,0,24.92
284,2602407,Brejão (PE),2016,52.7,0,27.34
285,2602407,Brejão (PE),2017,47.4,0,77.57
286,2602407,Brejão (PE),2018,NA,NA,NA
287,2602506,Brejinho (PE),2008,NA,NA,NA
288,2602506,Brejinho (PE),2009,NA,NA,NA
289,2602506,Brejinho (PE),2010,NA,NA,NA
290,2602506,Brejinho (PE),2011,NA,NA,NA
291,2602506,Brejinho (PE),2012,NA,NA,NA
292,2602506,Brejinho (PE),2013,49.9,70.14,70.14
293,2602506,Brejinho (PE),2014,52.5,69.75,69.75
294,2602506,Brejinho (PE),2015,49.6,69.94,82.55
295,2602506,Brejinho (PE),2016,45.9,69.97,84.17
296,2602506,Brejinho (PE),2017,74.6,79.41,86.07
297,2602506,Brejinho (PE),2018,NA,NA,NA
298,2602605,Brejo da Madre de Deus (PE),2008,NA,NA,NA
299,2602605,Brejo da Madre de Deus (PE),2009,NA,NA,NA
300,2602605,Brejo da Madre de Deus (PE),2010,NA,NA,NA
301,2602605,Brejo da Madre de Deus (PE),2011,NA,NA,NA
302,2602605,Brejo da Madre de Deus (PE),2012,NA,NA,NA
303,2602605,Brejo da Madre de Deus (PE),2013,18.7,21.41,61.84
304,2602605,Brejo da Madre de Deus (PE),2014,32.8,49.46,62.63
305,2602605,Brejo da Madre de Deus (PE),2015,32.3,73.78,84.41
306,2602605,Brejo da Madre de Deus (PE),2016,30.9,72.95,84.1
307,2602605,Brejo da Madre de Deus (PE),2017,30.8,79.24,86.75
308,2602605,Brejo da Madre de Deus (PE),2018,NA,NA,NA
309,2602704,Buenos Aires (PE),2008,NA,NA,NA
310,2602704,Buenos Aires (PE),2009,NA,NA,NA
311,2602704,Buenos Aires (PE),2010,NA,NA,NA
312,2602704,Buenos Aires (PE),2011,NA,NA,NA
313,2602704,Buenos Aires (PE),2012,NA,NA,NA
314,2602704,Buenos Aires (PE),2013,38.8,78.68,50.47
315,2602704,Buenos Aires (PE),2014,43.5,77.94,43.74
316,2602704,Buenos Aires (PE),2015,47,81.27,89.91
317,2602704,Buenos Aires (PE),2016,48.8,82.26,87.58
318,2602704,Buenos Aires (PE),2017,49.4,87.38,24.32
319,2602704,Buenos Aires (PE),2018,NA,NA,NA
320,2602803,Buíque (PE),2008,NA,NA,NA
321,2602803,Buíque (PE),2009,NA,NA,NA
322,2602803,Buíque (PE),2010,NA,NA,NA
323,2602803,Buíque (PE),2011,NA,NA,NA
324,2602803,Buíque (PE),2012,NA,NA,NA
325,2602803,Buíque (PE),2013,24,52.88,40
326,2602803,Buíque (PE),2014,25.9,52.8,45.34
327,2602803,Buíque (PE),2015,31.6,53.66,62.95
328,2602803,Buíque (PE),2016,32,53.6,66.55
329,2602803,Buíque (PE),2017,32.3,49.54,81.28
330,2602803,Buíque (PE),2018,NA,NA,NA
331,2602902,Cabo de Santo Agostinho (PE),2008,NA,NA,NA
332,2602902,Cabo de Santo Agostinho (PE),2009,NA,NA,NA
333,2602902,Cabo de Santo Agostinho (PE),2010,NA,NA,NA
334,2602902,Cabo de Santo Agostinho (PE),2011,NA,NA,NA
335,2602902,Cabo de Santo Agostinho (PE),2012,NA,NA,NA
336,2602902,Cabo de Santo Agostinho (PE),2013,53.5,54.29,66.67
337,2602902,Cabo de Santo Agostinho (PE),2014,57,54.69,56.59
338,2602902,Cabo de Santo Agostinho (PE),2015,55.7,48.17,55.11
339,2602902,Cabo de Santo Agostinho (PE),2016,56.2,45.93,63.98
340,2602902,Cabo de Santo Agostinho (PE),2017,53.6,39.14,62.5
341,2602902,Cabo de Santo Agostinho (PE),2018,NA,NA,NA
342,2603009,Cabrobó (PE),2008,NA,NA,NA
343,2603009,Cabrobó (PE),2009,NA,NA,NA
344,2603009,Cabrobó (PE),2010,NA,NA,NA
345,2603009,Cabrobó (PE),2011,NA,NA,NA
346,2603009,Cabrobó (PE),2012,NA,NA,NA
347,2603009,Cabrobó (PE),2013,23.9,59.27,64.61
348,2603009,Cabrobó (PE),2014,23.7,58.22,73.53
349,2603009,Cabrobó (PE),2015,19.5,59.87,73.63
350,2603009,Cabrobó (PE),2016,18.4,60.59,85.1
351,2603009,Cabrobó (PE),2017,19.9,46.23,87.14
352,2603009,Cabrobó (PE),2018,NA,NA,NA
353,2603108,Cachoeirinha (PE),2008,NA,NA,NA
354,2603108,Cachoeirinha (PE),2009,NA,NA,NA
355,2603108,Cachoeirinha (PE),2010,NA,NA,NA
356,2603108,Cachoeirinha (PE),2011,NA,NA,NA
357,2603108,Cachoeirinha (PE),2012,NA,NA,NA
358,2603108,Cachoeirinha (PE),2013,33.1,32.49,89.07
359,2603108,Cachoeirinha (PE),2014,35,43.74,75.63
360,2603108,Cachoeirinha (PE),2015,42.4,45.04,78.2
361,2603108,Cachoeirinha (PE),2016,49.1,43.08,87.15
362,2603108,Cachoeirinha (PE),2017,48.9,52.36,92.89
363,2603108,Cachoeirinha (PE),2018,NA,NA,NA
364,2603207,Caetés (PE),2008,NA,NA,NA
365,2603207,Caetés (PE),2009,NA,NA,NA
366,2603207,Caetés (PE),2010,NA,NA,NA
367,2603207,Caetés (PE),2011,NA,NA,NA
368,2603207,Caetés (PE),2012,NA,NA,NA
369,2603207,Caetés (PE),2013,26.8,81.45,74.56
370,2603207,Caetés (PE),2014,26.5,81.76,73.34
371,2603207,Caetés (PE),2015,23.7,78.24,64.65
372,2603207,Caetés (PE),2016,21.7,76.79,62.49
373,2603207,Caetés (PE),2017,19,72.82,74.81
374,2603207,Caetés (PE),2018,NA,NA,NA
375,2603306,Calçado (PE),2008,NA,NA,NA
376,2603306,Calçado (PE),2009,NA,NA,NA
377,2603306,Calçado (PE),2010,NA,NA,NA
378,2603306,Calçado (PE),2011,NA,NA,NA
379,2603306,Calçado (PE),2012,NA,NA,NA
380,2603306,Calçado (PE),2013,47.5,13.21,43.39
381,2603306,Calçado (PE),2014,65.2,8.95,79.81
382,2603306,Calçado (PE),2015,48.3,4.47,80.62
383,2603306,Calçado (PE),2016,39.3,0,79.81
384,2603306,Calçado (PE),2017,39.1,0,86.14
385,2603306,Calçado (PE),2018,NA,NA,NA
386,2603405,Calumbi (PE),2008,NA,NA,NA
387,2603405,Calumbi (PE),2009,NA,NA,NA
388,2603405,Calumbi (PE),2010,NA,NA,NA
389,2603405,Calumbi (PE),2011,NA,NA,NA
390,2603405,Calumbi (PE),2012,NA,NA,NA
391,2603405,Calumbi (PE),2013,24.4,24.08,67.32
392,2603405,Calumbi (PE),2014,17.7,16.98,66.81
393,2603405,Calumbi (PE),2015,17.2,12.5,59.51
394,2603405,Calumbi (PE),2016,27.6,6.59,61.63
395,2603405,Calumbi (PE),2017,20.5,0,62.14
396,2603405,Calumbi (PE),2018,NA,NA,NA
397,2603454,Camaragibe (PE),2008,NA,NA,NA
398,2603454,Camaragibe (PE),2009,NA,NA,NA
399,2603454,Camaragibe (PE),2010,NA,NA,NA
400,2603454,Camaragibe (PE),2011,NA,NA,NA
401,2603454,Camaragibe (PE),2012,NA,NA,NA
402,2603454,Camaragibe (PE),2013,70.1,59.48,83.15
403,2603454,Camaragibe (PE),2014,67.3,58.34,87.23
404,2603454,Camaragibe (PE),2015,67.3,56.22,88.44
405,2603454,Camaragibe (PE),2016,65.5,55.03,89.18
406,2603454,Camaragibe (PE),2017,65.1,58.9,98.08
407,2603454,Camaragibe (PE),2018,NA,NA,NA
408,2603504,Camocim de São Félix (PE),2008,NA,NA,NA
409,2603504,Camocim de São Félix (PE),2009,NA,NA,NA
410,2603504,Camocim de São Félix (PE),2010,NA,NA,NA
411,2603504,Camocim de São Félix (PE),2011,NA,NA,NA
412,2603504,Camocim de São Félix (PE),2012,NA,NA,NA
413,2603504,Camocim de São Félix (PE),2013,56.1,52.26,84.16
414,2603504,Camocim de São Félix (PE),2014,55.4,43.79,86.89
415,2603504,Camocim de São Félix (PE),2015,53,49.65,91.73
416,2603504,Camocim de São Félix (PE),2016,55.8,50.07,91.95
417,2603504,Camocim de São Félix (PE),2017,50.8,17.46,83.98
418,2603504,Camocim de São Félix (PE),2018,NA,NA,NA
419,2603603,Camutanga (PE),2008,NA,NA,NA
420,2603603,Camutanga (PE),2009,NA,NA,NA
421,2603603,Camutanga (PE),2010,NA,NA,NA
422,2603603,Camutanga (PE),2011,NA,NA,NA
423,2603603,Camutanga (PE),2012,NA,NA,NA
424,2603603,Camutanga (PE),2013,40.4,63.73,90.83
425,2603603,Camutanga (PE),2014,61.8,72.59,93.54
426,2603603,Camutanga (PE),2015,59.5,73.24,93.86
427,2603603,Camutanga (PE),2016,57.2,70.51,85.16
428,2603603,Camutanga (PE),2017,47.6,69.34,84.11
429,2603603,Camutanga (PE),2018,NA,NA,NA
430,2603702,Canhotinho (PE),2008,NA,NA,NA
431,2603702,Canhotinho (PE),2009,NA,NA,NA
432,2603702,Canhotinho (PE),2010,NA,NA,NA
433,2603702,Canhotinho (PE),2011,NA,NA,NA
434,2603702,Canhotinho (PE),2012,NA,NA,NA
435,2603702,Canhotinho (PE),2013,53.4,29.77,56.29
436,2603702,Canhotinho (PE),2014,52.7,41.8,70.73
437,2603702,Canhotinho (PE),2015,46.6,27.8,76.72
438,2603702,Canhotinho (PE),2016,49.5,4.46,71.58
439,2603702,Canhotinho (PE),2017,47.3,2.85,69.7
440,2603702,Canhotinho (PE),2018,NA,NA,NA
441,2603801,Capoeiras (PE),2008,NA,NA,NA
442,2603801,Capoeiras (PE),2009,NA,NA,NA
443,2603801,Capoeiras (PE),2010,NA,NA,NA
444,2603801,Capoeiras (PE),2011,NA,NA,NA
445,2603801,Capoeiras (PE),2012,NA,NA,NA
446,2603801,Capoeiras (PE),2013,25.3,56.72,59.01
447,2603801,Capoeiras (PE),2014,25.9,54.41,56.99
448,2603801,Capoeiras (PE),2015,23.9,54.21,52.88
449,2603801,Capoeiras (PE),2016,32.6,48.85,62.6
450,2603801,Capoeiras (PE),2017,29.2,45.87,81.71
451,2603801,Capoeiras (PE),2018,NA,NA,NA
452,2603900,Carnaíba (PE),2008,NA,NA,NA
453,2603900,Carnaíba (PE),2009,NA,NA,NA
454,2603900,Carnaíba (PE),2010,NA,NA,NA
455,2603900,Carnaíba (PE),2011,NA,NA,NA
456,2603900,Carnaíba (PE),2012,NA,NA,NA
457,2603900,Carnaíba (PE),2013,45.5,98.35,92.56
458,2603900,Carnaíba (PE),2014,44,98.4,91.05
459,2603900,Carnaíba (PE),2015,43.4,100,93.87
460,2603900,Carnaíba (PE),2016,48.9,72.33,95.49
461,2603900,Carnaíba (PE),2017,49.1,47.43,96.26
462,2603900,Carnaíba (PE),2018,NA,NA,NA
463,2603926,Carnaubeira da Penha (PE),2008,NA,NA,NA
464,2603926,Carnaubeira da Penha (PE),2009,NA,NA,NA
465,2603926,Carnaubeira da Penha (PE),2010,NA,NA,NA
466,2603926,Carnaubeira da Penha (PE),2011,NA,NA,NA
467,2603926,Carnaubeira da Penha (PE),2012,NA,NA,NA
468,2603926,Carnaubeira da Penha (PE),2013,4.2,11.81,33
469,2603926,Carnaubeira da Penha (PE),2014,3,9.19,30.01
470,2603926,Carnaubeira da Penha (PE),2015,2.8,7.91,21.32
471,2603926,Carnaubeira da Penha (PE),2016,3.3,6.99,35.1
472,2603926,Carnaubeira da Penha (PE),2017,3.5,7.42,41.19
473,2603926,Carnaubeira da Penha (PE),2018,NA,NA,NA
474,2604007,Carpina (PE),2008,NA,NA,NA
475,2604007,Carpina (PE),2009,NA,NA,NA
476,2604007,Carpina (PE),2010,NA,NA,NA
477,2604007,Carpina (PE),2011,NA,NA,NA
478,2604007,Carpina (PE),2012,NA,NA,NA
479,2604007,Carpina (PE),2013,40.5,81.23,80.94
480,2604007,Carpina (PE),2014,41.6,80.93,88.32
481,2604007,Carpina (PE),2015,40.8,71.91,95.43
482,2604007,Carpina (PE),2016,41.4,66.24,96.18
483,2604007,Carpina (PE),2017,45.7,33.81,88.86
484,2604007,Carpina (PE),2018,NA,NA,NA
485,2604106,Caruaru (PE),2008,NA,NA,NA
486,2604106,Caruaru (PE),2009,NA,NA,NA
487,2604106,Caruaru (PE),2010,NA,NA,NA
488,2604106,Caruaru (PE),2011,NA,NA,NA
489,2604106,Caruaru (PE),2012,NA,NA,NA
490,2604106,Caruaru (PE),2013,36.6,85.26,81.42
491,2604106,Caruaru (PE),2014,44.8,81.93,81.76
492,2604106,Caruaru (PE),2015,43.3,77.73,81.46
493,2604106,Caruaru (PE),2016,41.1,70.15,82.34
494,2604106,Caruaru (PE),2017,44.2,70.35,80.31
495,2604106,Caruaru (PE),2018,NA,NA,NA
496,2604155,Casinhas (PE),2008,NA,NA,NA
497,2604155,Casinhas (PE),2009,NA,NA,NA
498,2604155,Casinhas (PE),2010,NA,NA,NA
499,2604155,Casinhas (PE),2011,NA,NA,NA
500,2604155,Casinhas (PE),2012,NA,NA,NA
501,2604155,Casinhas (PE),2013,33.6,62.69,57.23
502,2604155,Casinhas (PE),2014,28.7,78.66,57.41
503,2604155,Casinhas (PE),2015,25.3,79.32,71.05
504,2604155,Casinhas (PE),2016,26.4,68.36,81.64
505,2604155,Casinhas (PE),2017,34.6,64.11,92.07
506,2604155,Casinhas (PE),2018,NA,NA,NA
507,2604205,Catende (PE),2008,NA,NA,NA
508,2604205,Catende (PE),2009,NA,NA,NA
509,2604205,Catende (PE),2010,NA,NA,NA
510,2604205,Catende (PE),2011,NA,NA,NA
511,2604205,Catende (PE),2012,NA,NA,NA
512,2604205,Catende (PE),2013,28.8,80.91,67.88
513,2604205,Catende (PE),2014,32.9,80.54,63.86
514,2604205,Catende (PE),2015,31.4,79.35,81.79
515,2604205,Catende (PE),2016,32.3,80.35,91.08
516,2604205,Catende (PE),2017,32.9,73.69,76.67
517,2604205,Catende (PE),2018,NA,NA,NA
518,2604304,Cedro (PE),2008,NA,NA,NA
519,2604304,Cedro (PE),2009,NA,NA,NA
520,2604304,Cedro (PE),2010,NA,NA,NA
521,2604304,Cedro (PE),2011,NA,NA,NA
522,2604304,Cedro (PE),2012,NA,NA,NA
523,2604304,Cedro (PE),2013,27,89.03,89.66
524,2604304,Cedro (PE),2014,34.2,86.29,90.75
525,2604304,Cedro (PE),2015,31.1,85.34,94.17
526,2604304,Cedro (PE),2016,24,85.04,94.85
527,2604304,Cedro (PE),2017,25.8,83.31,96.86
528,2604304,Cedro (PE),2018,NA,NA,NA
529,2604403,Chã de Alegria (PE),2008,NA,NA,NA
530,2604403,Chã de Alegria (PE),2009,NA,NA,NA
531,2604403,Chã de Alegria (PE),2010,NA,NA,NA
532,2604403,Chã de Alegria (PE),2011,NA,NA,NA
533,2604403,Chã de Alegria (PE),2012,NA,NA,NA
534,2604403,Chã de Alegria (PE),2013,28.1,99.26,94.55
535,2604403,Chã de Alegria (PE),2014,26.4,99.26,97.17
536,2604403,Chã de Alegria (PE),2015,21.5,99.58,97.85
537,2604403,Chã de Alegria (PE),2016,22.9,85.31,97.08
538,2604403,Chã de Alegria (PE),2017,28.2,69.42,97.21
539,2604403,Chã de Alegria (PE),2018,NA,NA,NA
540,2604502,Chã Grande (PE),2008,NA,NA,NA
541,2604502,Chã Grande (PE),2009,NA,NA,NA
542,2604502,Chã Grande (PE),2010,NA,NA,NA
543,2604502,Chã Grande (PE),2011,NA,NA,NA
544,2604502,Chã Grande (PE),2012,NA,NA,NA
545,2604502,Chã Grande (PE),2013,41.1,84.02,75.67
546,2604502,Chã Grande (PE),2014,44.3,85.93,84.84
547,2604502,Chã Grande (PE),2015,49.4,83.49,85.13
548,2604502,Chã Grande (PE),2016,50.2,78.26,91.29
549,2604502,Chã Grande (PE),2017,43.3,80.61,92.72
550,2604502,Chã Grande (PE),2018,NA,NA,NA
551,2604601,Condado (PE),2008,NA,NA,NA
552,2604601,Condado (PE),2009,NA,NA,NA
553,2604601,Condado (PE),2010,NA,NA,NA
554,2604601,Condado (PE),2011,NA,NA,NA
555,2604601,Condado (PE),2012,NA,NA,NA
556,2604601,Condado (PE),2013,34.3,72.07,93.56
557,2604601,Condado (PE),2014,40.8,76.06,94.55
558,2604601,Condado (PE),2015,42.4,74.06,94.38
559,2604601,Condado (PE),2016,42.5,72.73,94.78
560,2604601,Condado (PE),2017,39.2,64.79,93.55
561,2604601,Condado (PE),2018,NA,NA,NA
562,2604700,Correntes (PE),2008,NA,NA,NA
563,2604700,Correntes (PE),2009,NA,NA,NA
564,2604700,Correntes (PE),2010,NA,NA,NA
565,2604700,Correntes (PE),2011,NA,NA,NA
566,2604700,Correntes (PE),2012,NA,NA,NA
567,2604700,Correntes (PE),2013,30,73.39,69.41
568,2604700,Correntes (PE),2014,38.7,53.84,67.22
569,2604700,Correntes (PE),2015,41.3,50.02,67.77
570,2604700,Correntes (PE),2016,47.6,52.2,71.62
571,2604700,Correntes (PE),2017,45.3,49.1,69.9
572,2604700,Correntes (PE),2018,NA,NA,NA
573,2604809,Cortês (PE),2008,NA,NA,NA
574,2604809,Cortês (PE),2009,NA,NA,NA
575,2604809,Cortês (PE),2010,NA,NA,NA
576,2604809,Cortês (PE),2011,NA,NA,NA
577,2604809,Cortês (PE),2012,NA,NA,NA
578,2604809,Cortês (PE),2013,20.8,47.59,78.52
579,2604809,Cortês (PE),2014,20.9,60.54,82.13
580,2604809,Cortês (PE),2015,16.4,61.68,84.07
581,2604809,Cortês (PE),2016,19.5,61.29,79.53
582,2604809,Cortês (PE),2017,30.4,63.78,90.13
583,2604809,Cortês (PE),2018,NA,NA,NA
584,2604908,Cumaru (PE),2008,NA,NA,NA
585,2604908,Cumaru (PE),2009,NA,NA,NA
586,2604908,Cumaru (PE),2010,NA,NA,NA
587,2604908,Cumaru (PE),2011,NA,NA,NA
588,2604908,Cumaru (PE),2012,NA,NA,NA
589,2604908,Cumaru (PE),2013,32.2,67.11,74.2
590,2604908,Cumaru (PE),2014,36.1,67.96,74.27
591,2604908,Cumaru (PE),2015,43.4,22.64,53.91
592,2604908,Cumaru (PE),2016,38.6,23.87,9.87
593,2604908,Cumaru (PE),2017,69,0.66,34.21
594,2604908,Cumaru (PE),2018,NA,NA,NA
595,2605004,Cupira (PE),2008,NA,NA,NA
596,2605004,Cupira (PE),2009,NA,NA,NA
597,2605004,Cupira (PE),2010,NA,NA,NA
598,2605004,Cupira (PE),2011,NA,NA,NA
599,2605004,Cupira (PE),2012,NA,NA,NA
600,2605004,Cupira (PE),2013,20.4,79.7,73.41
601,2605004,Cupira (PE),2014,24.8,72.36,82.62
602,2605004,Cupira (PE),2015,22.1,70.76,84.99
603,2605004,Cupira (PE),2016,22.1,71.86,91.66
604,2605004,Cupira (PE),2017,32.1,65.7,91.98
605,2605004,Cupira (PE),2018,NA,NA,NA
606,2605103,Custódia (PE),2008,NA,NA,NA
607,2605103,Custódia (PE),2009,NA,NA,NA
608,2605103,Custódia (PE),2010,NA,NA,NA
609,2605103,Custódia (PE),2011,NA,NA,NA
610,2605103,Custódia (PE),2012,NA,NA,NA
611,2605103,Custódia (PE),2013,36.7,48.86,78.6
612,2605103,Custódia (PE),2014,37.4,36.24,70.03
613,2605103,Custódia (PE),2015,36,34.39,83.03
614,2605103,Custódia (PE),2016,37.6,34.71,91.53
615,2605103,Custódia (PE),2017,42.9,32.61,87.02
616,2605103,Custódia (PE),2018,NA,NA,NA
617,2605152,Dormentes (PE),2008,NA,NA,NA
618,2605152,Dormentes (PE),2009,NA,NA,NA
619,2605152,Dormentes (PE),2010,NA,NA,NA
620,2605152,Dormentes (PE),2011,NA,NA,NA
621,2605152,Dormentes (PE),2012,NA,NA,NA
622,2605152,Dormentes (PE),2013,55.1,81.64,52.56
623,2605152,Dormentes (PE),2014,51.4,82.41,52.26
624,2605152,Dormentes (PE),2015,54.4,82.3,64
625,2605152,Dormentes (PE),2016,53.2,82.22,88.97
626,2605152,Dormentes (PE),2017,56.6,83,89.14
627,2605152,Dormentes (PE),2018,NA,NA,NA
628,2605202,Escada (PE),2008,NA,NA,NA
629,2605202,Escada (PE),2009,NA,NA,NA
630,2605202,Escada (PE),2010,NA,NA,NA
631,2605202,Escada (PE),2011,NA,NA,NA
632,2605202,Escada (PE),2012,NA,NA,NA
633,2605202,Escada (PE),2013,33.7,71.38,76.92
634,2605202,Escada (PE),2014,30.8,59.68,76.49
635,2605202,Escada (PE),2015,30.1,55.06,83.5
636,2605202,Escada (PE),2016,38.8,43.85,78.28
637,2605202,Escada (PE),2017,38,23.27,69.41
638,2605202,Escada (PE),2018,NA,NA,NA
639,2605301,Exu (PE),2008,NA,NA,NA
640,2605301,Exu (PE),2009,NA,NA,NA
641,2605301,Exu (PE),2010,NA,NA,NA
642,2605301,Exu (PE),2011,NA,NA,NA
643,2605301,Exu (PE),2012,NA,NA,NA
644,2605301,Exu (PE),2013,27.6,72.79,67.4
645,2605301,Exu (PE),2014,31.6,72.71,67.59
646,2605301,Exu (PE),2015,33.9,55.16,71.45
647,2605301,Exu (PE),2016,36.2,70.86,75.01
648,2605301,Exu (PE),2017,35.8,65.07,71.61
649,2605301,Exu (PE),2018,NA,NA,NA
650,2605400,Feira Nova (PE),2008,NA,NA,NA
651,2605400,Feira Nova (PE),2009,NA,NA,NA
652,2605400,Feira Nova (PE),2010,NA,NA,NA
653,2605400,Feira Nova (PE),2011,NA,NA,NA
654,2605400,Feira Nova (PE),2012,NA,NA,NA
655,2605400,Feira Nova (PE),2013,58.4,53.11,82.16
656,2605400,Feira Nova (PE),2014,64,52.17,82.73
657,2605400,Feira Nova (PE),2015,67.6,27.91,72.7
658,2605400,Feira Nova (PE),2016,65.3,18.86,61.12
659,2605400,Feira Nova (PE),2017,51,1.43,84.26
660,2605400,Feira Nova (PE),2018,NA,NA,NA
661,2605459,Fernando de Noronha (PE),2008,NA,NA,NA
662,2605459,Fernando de Noronha (PE),2009,NA,NA,NA
663,2605459,Fernando de Noronha (PE),2010,NA,NA,NA
664,2605459,Fernando de Noronha (PE),2011,NA,NA,NA
665,2605459,Fernando de Noronha (PE),2012,NA,NA,NA
666,2605459,Fernando de Noronha (PE),2013,42,100,100
667,2605459,Fernando de Noronha (PE),2014,45.9,100,100
668,2605459,Fernando de Noronha (PE),2015,51.5,100,100
669,2605459,Fernando de Noronha (PE),2016,67.5,100,100
670,2605459,Fernando de Noronha (PE),2017,66.7,100,100
671,2605459,Fernando de Noronha (PE),2018,NA,NA,NA
672,2605509,Ferreiros (PE),2008,NA,NA,NA
673,2605509,Ferreiros (PE),2009,NA,NA,NA
674,2605509,Ferreiros (PE),2010,NA,NA,NA
675,2605509,Ferreiros (PE),2011,NA,NA,NA
676,2605509,Ferreiros (PE),2012,NA,NA,NA
677,2605509,Ferreiros (PE),2013,66.9,80.63,84.71
678,2605509,Ferreiros (PE),2014,69.3,80.63,87.87
679,2605509,Ferreiros (PE),2015,67.8,78.22,88.31
680,2605509,Ferreiros (PE),2016,69.5,76.64,90.24
681,2605509,Ferreiros (PE),2017,65.7,80.76,88.12
682,2605509,Ferreiros (PE),2018,NA,NA,NA
683,2605608,Flores (PE),2008,NA,NA,NA
684,2605608,Flores (PE),2009,NA,NA,NA
685,2605608,Flores (PE),2010,NA,NA,NA
686,2605608,Flores (PE),2011,NA,NA,NA
687,2605608,Flores (PE),2012,NA,NA,NA
688,2605608,Flores (PE),2013,21,68.35,73.09
689,2605608,Flores (PE),2014,22.7,61.26,80.63
690,2605608,Flores (PE),2015,22.7,76.7,84.56
691,2605608,Flores (PE),2016,20.4,69.63,84.35
692,2605608,Flores (PE),2017,37.4,69.66,89.33
693,2605608,Flores (PE),2018,NA,NA,NA
694,2605707,Floresta (PE),2008,NA,NA,NA
695,2605707,Floresta (PE),2009,NA,NA,NA
696,2605707,Floresta (PE),2010,NA,NA,NA
697,2605707,Floresta (PE),2011,NA,NA,NA
698,2605707,Floresta (PE),2012,NA,NA,NA
699,2605707,Floresta (PE),2013,29.9,39.05,63.53
700,2605707,Floresta (PE),2014,26.7,32.89,63.43
701,2605707,Floresta (PE),2015,25.2,31.11,74.09
702,2605707,Floresta (PE),2016,35.8,38.96,76.5
703,2605707,Floresta (PE),2017,39.8,37.37,77.74
704,2605707,Floresta (PE),2018,NA,NA,NA
705,2605806,Frei Miguelinho (PE),2008,NA,NA,NA
706,2605806,Frei Miguelinho (PE),2009,NA,NA,NA
707,2605806,Frei Miguelinho (PE),2010,NA,NA,NA
708,2605806,Frei Miguelinho (PE),2011,NA,NA,NA
709,2605806,Frei Miguelinho (PE),2012,NA,NA,NA
710,2605806,Frei Miguelinho (PE),2013,9.9,61.11,59.11
711,2605806,Frei Miguelinho (PE),2014,10.4,61.08,71.74
712,2605806,Frei Miguelinho (PE),2015,9.6,57.62,73.27
713,2605806,Frei Miguelinho (PE),2016,7.1,53.9,60.47
714,2605806,Frei Miguelinho (PE),2017,9.5,26.98,76.37
715,2605806,Frei Miguelinho (PE),2018,NA,NA,NA
716,2606002,Garanhuns (PE),2008,NA,NA,NA
717,2606002,Garanhuns (PE),2009,NA,NA,NA
718,2606002,Garanhuns (PE),2010,NA,NA,NA
719,2606002,Garanhuns (PE),2011,NA,NA,NA
720,2606002,Garanhuns (PE),2012,NA,NA,NA
721,2606002,Garanhuns (PE),2013,36.2,69.27,81.92
722,2606002,Garanhuns (PE),2014,34.5,66.26,81.9
723,2606002,Garanhuns (PE),2015,33.1,62.81,87.97
724,2606002,Garanhuns (PE),2016,38.1,49.83,94.38
725,2606002,Garanhuns (PE),2017,53.1,41.6,87.8
726,2606002,Garanhuns (PE),2018,NA,NA,NA
727,2606101,Glória do Goitá (PE),2008,NA,NA,NA
728,2606101,Glória do Goitá (PE),2009,NA,NA,NA
729,2606101,Glória do Goitá (PE),2010,NA,NA,NA
730,2606101,Glória do Goitá (PE),2011,NA,NA,NA
731,2606101,Glória do Goitá (PE),2012,NA,NA,NA
732,2606101,Glória do Goitá (PE),2013,42.2,59.8,74.42
733,2606101,Glória do Goitá (PE),2014,41.1,58.28,73.67
734,2606101,Glória do Goitá (PE),2015,44.7,50.94,69.95
735,2606101,Glória do Goitá (PE),2016,42.8,49.4,69.87
736,2606101,Glória do Goitá (PE),2017,38.7,25.51,70.86
737,2606101,Glória do Goitá (PE),2018,NA,NA,NA
738,2606200,Goiana (PE),2008,NA,NA,NA
739,2606200,Goiana (PE),2009,NA,NA,NA
740,2606200,Goiana (PE),2010,NA,NA,NA
741,2606200,Goiana (PE),2011,NA,NA,NA
742,2606200,Goiana (PE),2012,NA,NA,NA
743,2606200,Goiana (PE),2013,28.5,75.61,63.33
744,2606200,Goiana (PE),2014,28.2,84.79,68.61
745,2606200,Goiana (PE),2015,28.3,64.49,67.86
746,2606200,Goiana (PE),2016,31.8,62.24,61.29
747,2606200,Goiana (PE),2017,37.1,53.35,57.22
748,2606200,Goiana (PE),2018,NA,NA,NA
749,2606309,Granito (PE),2008,NA,NA,NA
750,2606309,Granito (PE),2009,NA,NA,NA
751,2606309,Granito (PE),2010,NA,NA,NA
752,2606309,Granito (PE),2011,NA,NA,NA
753,2606309,Granito (PE),2012,NA,NA,NA
754,2606309,Granito (PE),2013,23.9,81.95,61.43
755,2606309,Granito (PE),2014,55.2,80.69,48.92
756,2606309,Granito (PE),2015,54,62.38,80.84
757,2606309,Granito (PE),2016,50,60.26,100
758,2606309,Granito (PE),2017,43.6,57.53,89.07
759,2606309,Granito (PE),2018,NA,NA,NA
760,2606408,Gravatá (PE),2008,NA,NA,NA
761,2606408,Gravatá (PE),2009,NA,NA,NA
762,2606408,Gravatá (PE),2010,NA,NA,NA
763,2606408,Gravatá (PE),2011,NA,NA,NA
764,2606408,Gravatá (PE),2012,NA,NA,NA
765,2606408,Gravatá (PE),2013,56.8,71.19,86.14
766,2606408,Gravatá (PE),2014,53.7,72.38,84.25
767,2606408,Gravatá (PE),2015,55.1,67.76,87.1
768,2606408,Gravatá (PE),2016,57.8,59.55,88.32
769,2606408,Gravatá (PE),2017,62.2,57.69,90.48
770,2606408,Gravatá (PE),2018,NA,NA,NA
771,2606507,Iati (PE),2008,NA,NA,NA
772,2606507,Iati (PE),2009,NA,NA,NA
773,2606507,Iati (PE),2010,NA,NA,NA
774,2606507,Iati (PE),2011,NA,NA,NA
775,2606507,Iati (PE),2012,NA,NA,NA
776,2606507,Iati (PE),2013,18,61.03,61.72
777,2606507,Iati (PE),2014,32,76.29,70.41
778,2606507,Iati (PE),2015,26.6,78.32,62.81
779,2606507,Iati (PE),2016,13.4,78.77,62.52
780,2606507,Iati (PE),2017,12.3,73.3,60.45
781,2606507,Iati (PE),2018,NA,NA,NA
782,2606606,Ibimirim (PE),2008,NA,NA,NA
783,2606606,Ibimirim (PE),2009,NA,NA,NA
784,2606606,Ibimirim (PE),2010,NA,NA,NA
785,2606606,Ibimirim (PE),2011,NA,NA,NA
786,2606606,Ibimirim (PE),2012,NA,NA,NA
787,2606606,Ibimirim (PE),2013,26.1,66.44,50.45
788,2606606,Ibimirim (PE),2014,29.1,66.31,64.56
789,2606606,Ibimirim (PE),2015,28.6,63.72,85.99
790,2606606,Ibimirim (PE),2016,33,59.9,92.49
791,2606606,Ibimirim (PE),2017,29.4,37.6,93.48
792,2606606,Ibimirim (PE),2018,NA,NA,NA
793,2606705,Ibirajuba (PE),2008,NA,NA,NA
794,2606705,Ibirajuba (PE),2009,NA,NA,NA
795,2606705,Ibirajuba (PE),2010,NA,NA,NA
796,2606705,Ibirajuba (PE),2011,NA,NA,NA
797,2606705,Ibirajuba (PE),2012,NA,NA,NA
798,2606705,Ibirajuba (PE),2013,25.9,46.1,73.21
799,2606705,Ibirajuba (PE),2014,30.6,52.73,81.95
800,2606705,Ibirajuba (PE),2015,29,2.36,85.25
801,2606705,Ibirajuba (PE),2016,31.9,0,85.81
802,2606705,Ibirajuba (PE),2017,27.2,0,88.1
803,2606705,Ibirajuba (PE),2018,NA,NA,NA
804,2606804,Igarassu (PE),2008,NA,NA,NA
805,2606804,Igarassu (PE),2009,NA,NA,NA
806,2606804,Igarassu (PE),2010,NA,NA,NA
807,2606804,Igarassu (PE),2011,NA,NA,NA
808,2606804,Igarassu (PE),2012,NA,NA,NA
809,2606804,Igarassu (PE),2013,58.8,41.35,80.69
810,2606804,Igarassu (PE),2014,60.4,40.33,84.1
811,2606804,Igarassu (PE),2015,57.4,41.99,86.51
812,2606804,Igarassu (PE),2016,52.4,38.88,85.7
813,2606804,Igarassu (PE),2017,52.4,29.06,77.8
814,2606804,Igarassu (PE),2018,NA,NA,NA
815,2606903,Iguaraci (PE),2008,NA,NA,NA
816,2606903,Iguaraci (PE),2009,NA,NA,NA
817,2606903,Iguaraci (PE),2010,NA,NA,NA
818,2606903,Iguaraci (PE),2011,NA,NA,NA
819,2606903,Iguaraci (PE),2012,NA,NA,NA
820,2606903,Iguaraci (PE),2013,23.2,81.83,73.79
821,2606903,Iguaraci (PE),2014,20.8,86.97,75.36
822,2606903,Iguaraci (PE),2015,20.9,87.52,75.9
823,2606903,Iguaraci (PE),2016,21.1,86.26,77.67
824,2606903,Iguaraci (PE),2017,23.6,88.64,81.3
825,2606903,Iguaraci (PE),2018,NA,NA,NA
826,2607000,Inajá (PE),2008,NA,NA,NA
827,2607000,Inajá (PE),2009,NA,NA,NA
828,2607000,Inajá (PE),2010,NA,NA,NA
829,2607000,Inajá (PE),2011,NA,NA,NA
830,2607000,Inajá (PE),2012,NA,NA,NA
831,2607000,Inajá (PE),2013,21.4,39.09,67.37
832,2607000,Inajá (PE),2014,14,36.95,65.23
833,2607000,Inajá (PE),2015,16.5,38.08,59.35
834,2607000,Inajá (PE),2016,13.3,38.11,67.86
835,2607000,Inajá (PE),2017,14.4,37.62,77.77
836,2607000,Inajá (PE),2018,NA,NA,NA
837,2607109,Ingazeira (PE),2008,NA,NA,NA
838,2607109,Ingazeira (PE),2009,NA,NA,NA
839,2607109,Ingazeira (PE),2010,NA,NA,NA
840,2607109,Ingazeira (PE),2011,NA,NA,NA
841,2607109,Ingazeira (PE),2012,NA,NA,NA
842,2607109,Ingazeira (PE),2013,44.4,77.95,65.39
843,2607109,Ingazeira (PE),2014,35.2,74.05,77.25
844,2607109,Ingazeira (PE),2015,28,79.16,82.46
845,2607109,Ingazeira (PE),2016,32.5,92.49,98.05
846,2607109,Ingazeira (PE),2017,20.6,93.55,100
847,2607109,Ingazeira (PE),2018,NA,NA,NA
848,2607208,Ipojuca (PE),2008,NA,NA,NA
849,2607208,Ipojuca (PE),2009,NA,NA,NA
850,2607208,Ipojuca (PE),2010,NA,NA,NA
851,2607208,Ipojuca (PE),2011,NA,NA,NA
852,2607208,Ipojuca (PE),2012,NA,NA,NA
853,2607208,Ipojuca (PE),2013,35.2,75.61,75.81
854,2607208,Ipojuca (PE),2014,43.1,44.99,86.56
855,2607208,Ipojuca (PE),2015,64.2,37.32,94.06
856,2607208,Ipojuca (PE),2016,72.1,47.25,94.59
857,2607208,Ipojuca (PE),2017,73.3,39.47,92.26
858,2607208,Ipojuca (PE),2018,NA,NA,NA
859,2607307,Ipubi (PE),2008,NA,NA,NA
860,2607307,Ipubi (PE),2009,NA,NA,NA
861,2607307,Ipubi (PE),2010,NA,NA,NA
862,2607307,Ipubi (PE),2011,NA,NA,NA
863,2607307,Ipubi (PE),2012,NA,NA,NA
864,2607307,Ipubi (PE),2013,21.4,77.63,76.56
865,2607307,Ipubi (PE),2014,21.7,51.12,78.66
866,2607307,Ipubi (PE),2015,18.8,45.6,78.46
867,2607307,Ipubi (PE),2016,24.2,43.55,75.35
868,2607307,Ipubi (PE),2017,28.6,26.6,77.56
869,2607307,Ipubi (PE),2018,NA,NA,NA
870,2607406,Itacuruba (PE),2008,NA,NA,NA
871,2607406,Itacuruba (PE),2009,NA,NA,NA
872,2607406,Itacuruba (PE),2010,NA,NA,NA
873,2607406,Itacuruba (PE),2011,NA,NA,NA
874,2607406,Itacuruba (PE),2012,NA,NA,NA
875,2607406,Itacuruba (PE),2013,47.8,67.93,65.4
876,2607406,Itacuruba (PE),2014,50.3,70.09,67.58
877,2607406,Itacuruba (PE),2015,36.6,70.97,87.54
878,2607406,Itacuruba (PE),2016,34,76.44,90.5
879,2607406,Itacuruba (PE),2017,28.2,71.36,98.4
880,2607406,Itacuruba (PE),2018,NA,NA,NA
881,2607505,Itaíba (PE),2008,NA,NA,NA
882,2607505,Itaíba (PE),2009,NA,NA,NA
883,2607505,Itaíba (PE),2010,NA,NA,NA
884,2607505,Itaíba (PE),2011,NA,NA,NA
885,2607505,Itaíba (PE),2012,NA,NA,NA
886,2607505,Itaíba (PE),2013,36.8,67.45,13.67
887,2607505,Itaíba (PE),2014,31.8,20.07,20.07
888,2607505,Itaíba (PE),2015,37.3,21.76,21.76
889,2607505,Itaíba (PE),2016,43.4,21.97,21.97
890,2607505,Itaíba (PE),2017,42.2,22.51,25.8
891,2607505,Itaíba (PE),2018,NA,NA,NA
892,2607604,Ilha de Itamaracá (PE),2008,NA,NA,NA
893,2607604,Ilha de Itamaracá (PE),2009,NA,NA,NA
894,2607604,Ilha de Itamaracá (PE),2010,NA,NA,NA
895,2607604,Ilha de Itamaracá (PE),2011,NA,NA,NA
896,2607604,Ilha de Itamaracá (PE),2012,NA,NA,NA
897,2607604,Ilha de Itamaracá (PE),2013,51.1,73.21,76.21
898,2607604,Ilha de Itamaracá (PE),2014,58.1,69.61,80.37
899,2607604,Ilha de Itamaracá (PE),2015,63,70.38,90.19
900,2607604,Ilha de Itamaracá (PE),2016,65.6,64.72,83.14
901,2607604,Ilha de Itamaracá (PE),2017,60,62.39,80.41
902,2607604,Ilha de Itamaracá (PE),2018,NA,NA,NA
903,2607653,Itambé (PE),2008,NA,NA,NA
904,2607653,Itambé (PE),2009,NA,NA,NA
905,2607653,Itambé (PE),2010,NA,NA,NA
906,2607653,Itambé (PE),2011,NA,NA,NA
907,2607653,Itambé (PE),2012,NA,NA,NA
908,2607653,Itambé (PE),2013,41.8,43.09,85.92
909,2607653,Itambé (PE),2014,39.1,40.42,84.85
910,2607653,Itambé (PE),2015,38,32.52,96.41
911,2607653,Itambé (PE),2016,33.7,28.39,94.4
912,2607653,Itambé (PE),2017,40.6,26.77,93.85
913,2607653,Itambé (PE),2018,NA,NA,NA
914,2607703,Itapetim (PE),2008,NA,NA,NA
915,2607703,Itapetim (PE),2009,NA,NA,NA
916,2607703,Itapetim (PE),2010,NA,NA,NA
917,2607703,Itapetim (PE),2011,NA,NA,NA
918,2607703,Itapetim (PE),2012,NA,NA,NA
919,2607703,Itapetim (PE),2013,47.4,61.56,76.2
920,2607703,Itapetim (PE),2014,35.7,58.64,83.12
921,2607703,Itapetim (PE),2015,41.2,6.8,83.06
922,2607703,Itapetim (PE),2016,39.8,10.76,90.23
923,2607703,Itapetim (PE),2017,38.3,0,85.88
924,2607703,Itapetim (PE),2018,NA,NA,NA
925,2607752,Itapissuma (PE),2008,NA,NA,NA
926,2607752,Itapissuma (PE),2009,NA,NA,NA
927,2607752,Itapissuma (PE),2010,NA,NA,NA
928,2607752,Itapissuma (PE),2011,NA,NA,NA
929,2607752,Itapissuma (PE),2012,NA,NA,NA
930,2607752,Itapissuma (PE),2013,60.6,91.86,79.19
931,2607752,Itapissuma (PE),2014,67.8,92.1,81.91
932,2607752,Itapissuma (PE),2015,56.5,88.54,82.91
933,2607752,Itapissuma (PE),2016,60.3,80.51,82.68
934,2607752,Itapissuma (PE),2017,57.4,78.95,93.57
935,2607752,Itapissuma (PE),2018,NA,NA,NA
936,2607802,Itaquitinga (PE),2008,NA,NA,NA
937,2607802,Itaquitinga (PE),2009,NA,NA,NA
938,2607802,Itaquitinga (PE),2010,NA,NA,NA
939,2607802,Itaquitinga (PE),2011,NA,NA,NA
940,2607802,Itaquitinga (PE),2012,NA,NA,NA
941,2607802,Itaquitinga (PE),2013,27.9,65.43,73.04
942,2607802,Itaquitinga (PE),2014,24.4,63.68,87.82
943,2607802,Itaquitinga (PE),2015,29.7,30.55,89.06
944,2607802,Itaquitinga (PE),2016,29,40.63,89.84
945,2607802,Itaquitinga (PE),2017,29,25.8,89.85
946,2607802,Itaquitinga (PE),2018,NA,NA,NA
947,2607901,Jaboatão dos Guararapes (PE),2008,NA,NA,NA
948,2607901,Jaboatão dos Guararapes (PE),2009,NA,NA,NA
949,2607901,Jaboatão dos Guararapes (PE),2010,NA,NA,NA
950,2607901,Jaboatão dos Guararapes (PE),2011,NA,NA,NA
951,2607901,Jaboatão dos Guararapes (PE),2012,NA,NA,NA
952,2607901,Jaboatão dos Guararapes (PE),2013,56.7,53.91,88.23
953,2607901,Jaboatão dos Guararapes (PE),2014,56.6,49.13,89.66
954,2607901,Jaboatão dos Guararapes (PE),2015,54.4,38.54,89.22
955,2607901,Jaboatão dos Guararapes (PE),2016,54.5,28.15,90.42
956,2607901,Jaboatão dos Guararapes (PE),2017,56.5,23.73,91.42
957,2607901,Jaboatão dos Guararapes (PE),2018,NA,NA,NA
958,2607950,Jaqueira (PE),2008,NA,NA,NA
959,2607950,Jaqueira (PE),2009,NA,NA,NA
960,2607950,Jaqueira (PE),2010,NA,NA,NA
961,2607950,Jaqueira (PE),2011,NA,NA,NA
962,2607950,Jaqueira (PE),2012,NA,NA,NA
963,2607950,Jaqueira (PE),2013,40.1,10.88,78.11
964,2607950,Jaqueira (PE),2014,52.9,7.78,78.67
965,2607950,Jaqueira (PE),2015,51.3,3.85,79.09
966,2607950,Jaqueira (PE),2016,41,3.68,93.59
967,2607950,Jaqueira (PE),2017,46.4,3.82,94.46
968,2607950,Jaqueira (PE),2018,NA,NA,NA
969,2608008,Jataúba (PE),2008,NA,NA,NA
970,2608008,Jataúba (PE),2009,NA,NA,NA
971,2608008,Jataúba (PE),2010,NA,NA,NA
972,2608008,Jataúba (PE),2011,NA,NA,NA
973,2608008,Jataúba (PE),2012,NA,NA,NA
974,2608008,Jataúba (PE),2013,36,6.59,49.62
975,2608008,Jataúba (PE),2014,34.5,12.27,50.94
976,2608008,Jataúba (PE),2015,35,11.99,58.79
977,2608008,Jataúba (PE),2016,34,11.34,58.38
978,2608008,Jataúba (PE),2017,33.9,11.8,15.08
979,2608008,Jataúba (PE),2018,NA,NA,NA
980,2608057,Jatobá (PE),2008,NA,NA,NA
981,2608057,Jatobá (PE),2009,NA,NA,NA
982,2608057,Jatobá (PE),2010,NA,NA,NA
983,2608057,Jatobá (PE),2011,NA,NA,NA
984,2608057,Jatobá (PE),2012,NA,NA,NA
985,2608057,Jatobá (PE),2013,33.8,41.76,64.3
986,2608057,Jatobá (PE),2014,33.3,52.81,70.74
987,2608057,Jatobá (PE),2015,31.7,51.96,54.24
988,2608057,Jatobá (PE),2016,32.9,47.92,65.92
989,2608057,Jatobá (PE),2017,35.3,44.51,72.13
990,2608057,Jatobá (PE),2018,NA,NA,NA
991,2608107,João Alfredo (PE),2008,NA,NA,NA
992,2608107,João Alfredo (PE),2009,NA,NA,NA
993,2608107,João Alfredo (PE),2010,NA,NA,NA
994,2608107,João Alfredo (PE),2011,NA,NA,NA
995,2608107,João Alfredo (PE),2012,NA,NA,NA
996,2608107,João Alfredo (PE),2013,42.9,18.07,82.49
997,2608107,João Alfredo (PE),2014,44.9,33.44,76.24
998,2608107,João Alfredo (PE),2015,37.7,47.98,81.74
999,2608107,João Alfredo (PE),2016,32.4,48.54,91.15
1000,2608107,João Alfredo (PE),2017,30.4,23.63,85.52
1001,2608107,João Alfredo (PE),2018,NA,NA,NA
1002,2608206,Joaquim Nabuco (PE),2008,NA,NA,NA
1003,2608206,Joaquim Nabuco (PE),2009,NA,NA,NA
1004,2608206,Joaquim Nabuco (PE),2010,NA,NA,NA
1005,2608206,Joaquim Nabuco (PE),2011,NA,NA,NA
1006,2608206,Joaquim Nabuco (PE),2012,NA,NA,NA
1007,2608206,Joaquim Nabuco (PE),2013,20.1,35.17,75.08
1008,2608206,Joaquim Nabuco (PE),2014,19.2,34.42,76.1
1009,2608206,Joaquim Nabuco (PE),2015,20.5,34.28,77.08
1010,2608206,Joaquim Nabuco (PE),2016,16.6,33.59,77.72
1011,2608206,Joaquim Nabuco (PE),2017,24.8,28.76,90.76
1012,2608206,Joaquim Nabuco (PE),2018,NA,NA,NA
1013,2608255,Jucati (PE),2008,NA,NA,NA
1014,2608255,Jucati (PE),2009,NA,NA,NA
1015,2608255,Jucati (PE),2010,NA,NA,NA
1016,2608255,Jucati (PE),2011,NA,NA,NA
1017,2608255,Jucati (PE),2012,NA,NA,NA
1018,2608255,Jucati (PE),2013,48.3,79.11,79.11
1019,2608255,Jucati (PE),2014,62.4,80.61,80.61
1020,2608255,Jucati (PE),2015,56.5,82.37,82.37
1021,2608255,Jucati (PE),2016,65.7,13.73,82.95
1022,2608255,Jucati (PE),2017,62,0,82.76
1023,2608255,Jucati (PE),2018,NA,NA,NA
1024,2608305,Jupi (PE),2008,NA,NA,NA
1025,2608305,Jupi (PE),2009,NA,NA,NA
1026,2608305,Jupi (PE),2010,NA,NA,NA
1027,2608305,Jupi (PE),2011,NA,NA,NA
1028,2608305,Jupi (PE),2012,NA,NA,NA
1029,2608305,Jupi (PE),2013,43.9,11.96,77.89
1030,2608305,Jupi (PE),2014,47,15.03,79.07
1031,2608305,Jupi (PE),2015,46.5,21.86,100
1032,2608305,Jupi (PE),2016,44.5,21.12,100
1033,2608305,Jupi (PE),2017,43.3,19.59,27.03
1034,2608305,Jupi (PE),2018,NA,NA,NA
1035,2608404,Jurema (PE),2008,NA,NA,NA
1036,2608404,Jurema (PE),2009,NA,NA,NA
1037,2608404,Jurema (PE),2010,NA,NA,NA
1038,2608404,Jurema (PE),2011,NA,NA,NA
1039,2608404,Jurema (PE),2012,NA,NA,NA
1040,2608404,Jurema (PE),2013,50,67.57,79.44
1041,2608404,Jurema (PE),2014,46.6,65.77,77.22
1042,2608404,Jurema (PE),2015,47.4,34.22,77.02
1043,2608404,Jurema (PE),2016,41,39.78,79.76
1044,2608404,Jurema (PE),2017,40.7,40.09,83.66
1045,2608404,Jurema (PE),2018,NA,NA,NA
1046,2608453,Lagoa de Itaenga (PE),2008,NA,NA,NA
1047,2608453,Lagoa de Itaenga (PE),2009,NA,NA,NA
1048,2608453,Lagoa de Itaenga (PE),2010,NA,NA,NA
1049,2608453,Lagoa de Itaenga (PE),2011,NA,NA,NA
1050,2608453,Lagoa de Itaenga (PE),2012,NA,NA,NA
1051,2608453,Lagoa de Itaenga (PE),2013,38.9,75.19,90.62
1052,2608453,Lagoa de Itaenga (PE),2014,39.6,71.7,90.53
1053,2608453,Lagoa de Itaenga (PE),2015,40.9,65.62,95.98
1054,2608453,Lagoa de Itaenga (PE),2016,45,60.87,95.71
1055,2608453,Lagoa de Itaenga (PE),2017,35,57.75,93.2
1056,2608453,Lagoa de Itaenga (PE),2018,NA,NA,NA
1057,2608503,Lagoa do Carro (PE),2008,NA,NA,NA
1058,2608503,Lagoa do Carro (PE),2009,NA,NA,NA
1059,2608503,Lagoa do Carro (PE),2010,NA,NA,NA
1060,2608503,Lagoa do Carro (PE),2011,NA,NA,NA
1061,2608503,Lagoa do Carro (PE),2012,NA,NA,NA
1062,2608503,Lagoa do Carro (PE),2013,36.3,92.76,75.19
1063,2608503,Lagoa do Carro (PE),2014,32.4,91.75,79.96
1064,2608503,Lagoa do Carro (PE),2015,28.2,92.28,99.65
1065,2608503,Lagoa do Carro (PE),2016,43.4,91.77,82.08
1066,2608503,Lagoa do Carro (PE),2017,27.6,91.45,57.99
1067,2608503,Lagoa do Carro (PE),2018,NA,NA,NA
1068,2608602,Lagoa do Ouro (PE),2008,NA,NA,NA
1069,2608602,Lagoa do Ouro (PE),2009,NA,NA,NA
1070,2608602,Lagoa do Ouro (PE),2010,NA,NA,NA
1071,2608602,Lagoa do Ouro (PE),2011,NA,NA,NA
1072,2608602,Lagoa do Ouro (PE),2012,NA,NA,NA
1073,2608602,Lagoa do Ouro (PE),2013,34.5,77.87,78.38
1074,2608602,Lagoa do Ouro (PE),2014,25.3,76.81,77.7
1075,2608602,Lagoa do Ouro (PE),2015,30.4,79.35,82.27
1076,2608602,Lagoa do Ouro (PE),2016,33,80.03,93.18
1077,2608602,Lagoa do Ouro (PE),2017,32.9,79.82,92.73
1078,2608602,Lagoa do Ouro (PE),2018,NA,NA,NA
1079,2608701,Lagoa dos Gatos (PE),2008,NA,NA,NA
1080,2608701,Lagoa dos Gatos (PE),2009,NA,NA,NA
1081,2608701,Lagoa dos Gatos (PE),2010,NA,NA,NA
1082,2608701,Lagoa dos Gatos (PE),2011,NA,NA,NA
1083,2608701,Lagoa dos Gatos (PE),2012,NA,NA,NA
1084,2608701,Lagoa dos Gatos (PE),2013,17.6,63.19,77.29
1085,2608701,Lagoa dos Gatos (PE),2014,37.9,61.46,76.15
1086,2608701,Lagoa dos Gatos (PE),2015,35.9,52.1,78.68
1087,2608701,Lagoa dos Gatos (PE),2016,30.5,50.44,76.86
1088,2608701,Lagoa dos Gatos (PE),2017,27.5,0,81.22
1089,2608701,Lagoa dos Gatos (PE),2018,NA,NA,NA
1090,2608750,Lagoa Grande (PE),2008,NA,NA,NA
1091,2608750,Lagoa Grande (PE),2009,NA,NA,NA
1092,2608750,Lagoa Grande (PE),2010,NA,NA,NA
1093,2608750,Lagoa Grande (PE),2011,NA,NA,NA
1094,2608750,Lagoa Grande (PE),2012,NA,NA,NA
1095,2608750,Lagoa Grande (PE),2013,32.5,78.83,77.77
1096,2608750,Lagoa Grande (PE),2014,35.8,67.24,78.94
1097,2608750,Lagoa Grande (PE),2015,31.9,69.31,70.58
1098,2608750,Lagoa Grande (PE),2016,45.5,69.42,90.71
1099,2608750,Lagoa Grande (PE),2017,45.5,53.58,78.13
1100,2608750,Lagoa Grande (PE),2018,NA,NA,NA
1101,2608800,Lajedo (PE),2008,NA,NA,NA
1102,2608800,Lajedo (PE),2009,NA,NA,NA
1103,2608800,Lajedo (PE),2010,NA,NA,NA
1104,2608800,Lajedo (PE),2011,NA,NA,NA
1105,2608800,Lajedo (PE),2012,NA,NA,NA
1106,2608800,Lajedo (PE),2013,38,82.97,67.32
1107,2608800,Lajedo (PE),2014,31,82.28,67.02
1108,2608800,Lajedo (PE),2015,32.8,66.59,65.82
1109,2608800,Lajedo (PE),2016,32.4,47.8,58.47
1110,2608800,Lajedo (PE),2017,44.2,1.82,70.42
1111,2608800,Lajedo (PE),2018,NA,NA,NA
1112,2608909,Limoeiro (PE),2008,NA,NA,NA
1113,2608909,Limoeiro (PE),2009,NA,NA,NA
1114,2608909,Limoeiro (PE),2010,NA,NA,NA
1115,2608909,Limoeiro (PE),2011,NA,NA,NA
1116,2608909,Limoeiro (PE),2012,NA,NA,NA
1117,2608909,Limoeiro (PE),2013,50.5,77.34,68.4
1118,2608909,Limoeiro (PE),2014,48.3,73.11,69.33
1119,2608909,Limoeiro (PE),2015,48.8,71.94,79.59
1120,2608909,Limoeiro (PE),2016,56.4,63.61,89.04
1121,2608909,Limoeiro (PE),2017,51.5,58.15,85.01
1122,2608909,Limoeiro (PE),2018,NA,NA,NA
1123,2609006,Macaparana (PE),2008,NA,NA,NA
1124,2609006,Macaparana (PE),2009,NA,NA,NA
1125,2609006,Macaparana (PE),2010,NA,NA,NA
1126,2609006,Macaparana (PE),2011,NA,NA,NA
1127,2609006,Macaparana (PE),2012,NA,NA,NA
1128,2609006,Macaparana (PE),2013,30.3,74.35,64.89
1129,2609006,Macaparana (PE),2014,30.7,73.82,70.41
1130,2609006,Macaparana (PE),2015,28.4,68.56,79.26
1131,2609006,Macaparana (PE),2016,30.3,69.19,87.62
1132,2609006,Macaparana (PE),2017,29,70.72,87.35
1133,2609006,Macaparana (PE),2018,NA,NA,NA
1134,2609105,Machados (PE),2008,NA,NA,NA
1135,2609105,Machados (PE),2009,NA,NA,NA
1136,2609105,Machados (PE),2010,NA,NA,NA
1137,2609105,Machados (PE),2011,NA,NA,NA
1138,2609105,Machados (PE),2012,NA,NA,NA
1139,2609105,Machados (PE),2013,25.6,12.16,51.31
1140,2609105,Machados (PE),2014,19.5,5.59,73.48
1141,2609105,Machados (PE),2015,11.4,0,88.55
1142,2609105,Machados (PE),2016,15.9,31.29,88.3
1143,2609105,Machados (PE),2017,15,0,80.25
1144,2609105,Machados (PE),2018,NA,NA,NA
1145,2609154,Manari (PE),2008,NA,NA,NA
1146,2609154,Manari (PE),2009,NA,NA,NA
1147,2609154,Manari (PE),2010,NA,NA,NA
1148,2609154,Manari (PE),2011,NA,NA,NA
1149,2609154,Manari (PE),2012,NA,NA,NA
1150,2609154,Manari (PE),2013,19.8,50.45,49.9
1151,2609154,Manari (PE),2014,22.7,47.65,50.31
1152,2609154,Manari (PE),2015,22.7,61.03,59.53
1153,2609154,Manari (PE),2016,25,61,61.8
1154,2609154,Manari (PE),2017,27.4,49.95,73.71
1155,2609154,Manari (PE),2018,NA,NA,NA
1156,2609204,Maraial (PE),2008,NA,NA,NA
1157,2609204,Maraial (PE),2009,NA,NA,NA
1158,2609204,Maraial (PE),2010,NA,NA,NA
1159,2609204,Maraial (PE),2011,NA,NA,NA
1160,2609204,Maraial (PE),2012,NA,NA,NA
1161,2609204,Maraial (PE),2013,23.5,95.68,83.93
1162,2609204,Maraial (PE),2014,26.1,93.68,84.61
1163,2609204,Maraial (PE),2015,22,90.25,90.25
1164,2609204,Maraial (PE),2016,49.2,10.74,91.18
1165,2609204,Maraial (PE),2017,33.9,10.27,89.62
1166,2609204,Maraial (PE),2018,NA,NA,NA
1167,2609303,Mirandiba (PE),2008,NA,NA,NA
1168,2609303,Mirandiba (PE),2009,NA,NA,NA
1169,2609303,Mirandiba (PE),2010,NA,NA,NA
1170,2609303,Mirandiba (PE),2011,NA,NA,NA
1171,2609303,Mirandiba (PE),2012,NA,NA,NA
1172,2609303,Mirandiba (PE),2013,19.4,75.41,46.44
1173,2609303,Mirandiba (PE),2014,18.4,75.2,26.38
1174,2609303,Mirandiba (PE),2015,19,78.02,71.73
1175,2609303,Mirandiba (PE),2016,22.2,70.66,75.36
1176,2609303,Mirandiba (PE),2017,23.4,73.59,76.62
1177,2609303,Mirandiba (PE),2018,NA,NA,NA
1178,2609402,Moreno (PE),2008,NA,NA,NA
1179,2609402,Moreno (PE),2009,NA,NA,NA
1180,2609402,Moreno (PE),2010,NA,NA,NA
1181,2609402,Moreno (PE),2011,NA,NA,NA
1182,2609402,Moreno (PE),2012,NA,NA,NA
1183,2609402,Moreno (PE),2013,47.4,43.23,73.82
1184,2609402,Moreno (PE),2014,53.6,39.48,71
1185,2609402,Moreno (PE),2015,47.6,40.57,68.3
1186,2609402,Moreno (PE),2016,48.1,29.11,74.49
1187,2609402,Moreno (PE),2017,58.4,12.14,80.8
1188,2609402,Moreno (PE),2018,NA,NA,NA
1189,2609501,Nazaré da Mata (PE),2008,NA,NA,NA
1190,2609501,Nazaré da Mata (PE),2009,NA,NA,NA
1191,2609501,Nazaré da Mata (PE),2010,NA,NA,NA
1192,2609501,Nazaré da Mata (PE),2011,NA,NA,NA
1193,2609501,Nazaré da Mata (PE),2012,NA,NA,NA
1194,2609501,Nazaré da Mata (PE),2013,51.5,80.67,94.85
1195,2609501,Nazaré da Mata (PE),2014,48.5,80.2,95.05
1196,2609501,Nazaré da Mata (PE),2015,45.6,82.74,96.19
1197,2609501,Nazaré da Mata (PE),2016,49.4,77.51,92.53
1198,2609501,Nazaré da Mata (PE),2017,45.9,67.2,89.18
1199,2609501,Nazaré da Mata (PE),2018,NA,NA,NA
1200,2609600,Olinda (PE),2008,NA,NA,NA
1201,2609600,Olinda (PE),2009,NA,NA,NA
1202,2609600,Olinda (PE),2010,NA,NA,NA
1203,2609600,Olinda (PE),2011,NA,NA,NA
1204,2609600,Olinda (PE),2012,NA,NA,NA
1205,2609600,Olinda (PE),2013,58.6,76.22,78.94
1206,2609600,Olinda (PE),2014,60.9,76.49,76.1
1207,2609600,Olinda (PE),2015,64.8,70.58,78.98
1208,2609600,Olinda (PE),2016,63.1,68.81,77.91
1209,2609600,Olinda (PE),2017,59.8,65.57,76.92
1210,2609600,Olinda (PE),2018,NA,NA,NA
1211,2609709,Orobó (PE),2008,NA,NA,NA
1212,2609709,Orobó (PE),2009,NA,NA,NA
1213,2609709,Orobó (PE),2010,NA,NA,NA
1214,2609709,Orobó (PE),2011,NA,NA,NA
1215,2609709,Orobó (PE),2012,NA,NA,NA
1216,2609709,Orobó (PE),2013,28.8,95.4,58.25
1217,2609709,Orobó (PE),2014,30.4,89.54,63.84
1218,2609709,Orobó (PE),2015,28.3,83.1,88.14
1219,2609709,Orobó (PE),2016,30,85.4,90.79
1220,2609709,Orobó (PE),2017,35.2,49.06,93.37
1221,2609709,Orobó (PE),2018,NA,NA,NA
1222,2609808,Orocó (PE),2008,NA,NA,NA
1223,2609808,Orocó (PE),2009,NA,NA,NA
1224,2609808,Orocó (PE),2010,NA,NA,NA
1225,2609808,Orocó (PE),2011,NA,NA,NA
1226,2609808,Orocó (PE),2012,NA,NA,NA
1227,2609808,Orocó (PE),2013,16.5,0,57.33
1228,2609808,Orocó (PE),2014,20.7,0,37.55
1229,2609808,Orocó (PE),2015,17.6,0,50.55
1230,2609808,Orocó (PE),2016,20.6,0,57.96
1231,2609808,Orocó (PE),2017,34.2,0,72.91
1232,2609808,Orocó (PE),2018,NA,NA,NA
1233,2609907,Ouricuri (PE),2008,NA,NA,NA
1234,2609907,Ouricuri (PE),2009,NA,NA,NA
1235,2609907,Ouricuri (PE),2010,NA,NA,NA
1236,2609907,Ouricuri (PE),2011,NA,NA,NA
1237,2609907,Ouricuri (PE),2012,NA,NA,NA
1238,2609907,Ouricuri (PE),2013,14.1,32.6,55.58
1239,2609907,Ouricuri (PE),2014,13.7,30.08,63.81
1240,2609907,Ouricuri (PE),2015,15.1,23.52,75.5
1241,2609907,Ouricuri (PE),2016,17.9,22.33,66.86
1242,2609907,Ouricuri (PE),2017,23.5,22.24,60.21
1243,2609907,Ouricuri (PE),2018,NA,NA,NA
1244,2610004,Palmares (PE),2008,NA,NA,NA
1245,2610004,Palmares (PE),2009,NA,NA,NA
1246,2610004,Palmares (PE),2010,NA,NA,NA
1247,2610004,Palmares (PE),2011,NA,NA,NA
1248,2610004,Palmares (PE),2012,NA,NA,NA
1249,2610004,Palmares (PE),2013,24.5,59.64,71.8
1250,2610004,Palmares (PE),2014,22.4,58.68,69.96
1251,2610004,Palmares (PE),2015,25.1,59.33,79.67
1252,2610004,Palmares (PE),2016,26.8,58.33,85.03
1253,2610004,Palmares (PE),2017,32.3,52.35,77.82
1254,2610004,Palmares (PE),2018,NA,NA,NA
1255,2610103,Palmeirina (PE),2008,NA,NA,NA
1256,2610103,Palmeirina (PE),2009,NA,NA,NA
1257,2610103,Palmeirina (PE),2010,NA,NA,NA
1258,2610103,Palmeirina (PE),2011,NA,NA,NA
1259,2610103,Palmeirina (PE),2012,NA,NA,NA
1260,2610103,Palmeirina (PE),2013,35,72.19,86.4
1261,2610103,Palmeirina (PE),2014,27.7,28.67,87.66
1262,2610103,Palmeirina (PE),2015,23.6,21.38,87.1
1263,2610103,Palmeirina (PE),2016,29.6,20.59,38.3
1264,2610103,Palmeirina (PE),2017,35.8,0,82.6
1265,2610103,Palmeirina (PE),2018,NA,NA,NA
1266,2610202,Panelas (PE),2008,NA,NA,NA
1267,2610202,Panelas (PE),2009,NA,NA,NA
1268,2610202,Panelas (PE),2010,NA,NA,NA
1269,2610202,Panelas (PE),2011,NA,NA,NA
1270,2610202,Panelas (PE),2012,NA,NA,NA
1271,2610202,Panelas (PE),2013,27.4,50.9,70.97
1272,2610202,Panelas (PE),2014,35.7,50.9,77.42
1273,2610202,Panelas (PE),2015,35.2,47.47,77.68
1274,2610202,Panelas (PE),2016,40.9,46.62,78.68
1275,2610202,Panelas (PE),2017,41.9,47.16,79.77
1276,2610202,Panelas (PE),2018,NA,NA,NA
1277,2610301,Paranatama (PE),2008,NA,NA,NA
1278,2610301,Paranatama (PE),2009,NA,NA,NA
1279,2610301,Paranatama (PE),2010,NA,NA,NA
1280,2610301,Paranatama (PE),2011,NA,NA,NA
1281,2610301,Paranatama (PE),2012,NA,NA,NA
1282,2610301,Paranatama (PE),2013,21,55.58,55.58
1283,2610301,Paranatama (PE),2014,18.6,51.35,51.35
1284,2610301,Paranatama (PE),2015,16,51.58,51.58
1285,2610301,Paranatama (PE),2016,17.2,52.45,52.45
1286,2610301,Paranatama (PE),2017,20.3,56.8,56.8
1287,2610301,Paranatama (PE),2018,NA,NA,NA
1288,2610400,Parnamirim (PE),2008,NA,NA,NA
1289,2610400,Parnamirim (PE),2009,NA,NA,NA
1290,2610400,Parnamirim (PE),2010,NA,NA,NA
1291,2610400,Parnamirim (PE),2011,NA,NA,NA
1292,2610400,Parnamirim (PE),2012,NA,NA,NA
1293,2610400,Parnamirim (PE),2013,15.8,51.99,66.15
1294,2610400,Parnamirim (PE),2014,15.3,54.28,69.69
1295,2610400,Parnamirim (PE),2015,17.5,40.93,84.33
1296,2610400,Parnamirim (PE),2016,16.1,39.72,84.82
1297,2610400,Parnamirim (PE),2017,18.5,36.4,83.95
1298,2610400,Parnamirim (PE),2018,NA,NA,NA
1299,2610509,Passira (PE),2008,NA,NA,NA
1300,2610509,Passira (PE),2009,NA,NA,NA
1301,2610509,Passira (PE),2010,NA,NA,NA
1302,2610509,Passira (PE),2011,NA,NA,NA
1303,2610509,Passira (PE),2012,NA,NA,NA
1304,2610509,Passira (PE),2013,36.5,76.8,77.19
1305,2610509,Passira (PE),2014,43.1,78.06,78.46
1306,2610509,Passira (PE),2015,41.9,85.09,90.07
1307,2610509,Passira (PE),2016,39.1,84.79,90.98
1308,2610509,Passira (PE),2017,52.9,87.02,86.77
1309,2610509,Passira (PE),2018,NA,NA,NA
1310,2610608,Paudalho (PE),2008,NA,NA,NA
1311,2610608,Paudalho (PE),2009,NA,NA,NA
1312,2610608,Paudalho (PE),2010,NA,NA,NA
1313,2610608,Paudalho (PE),2011,NA,NA,NA
1314,2610608,Paudalho (PE),2012,NA,NA,NA
1315,2610608,Paudalho (PE),2013,53.4,40.26,66.36
1316,2610608,Paudalho (PE),2014,54.4,35.58,53.3
1317,2610608,Paudalho (PE),2015,51.3,25.84,47
1318,2610608,Paudalho (PE),2016,56.2,36.82,39.89
1319,2610608,Paudalho (PE),2017,53.2,29.58,71.3
1320,2610608,Paudalho (PE),2018,NA,NA,NA
1321,2610707,Paulista (PE),2008,NA,NA,NA
1322,2610707,Paulista (PE),2009,NA,NA,NA
1323,2610707,Paulista (PE),2010,NA,NA,NA
1324,2610707,Paulista (PE),2011,NA,NA,NA
1325,2610707,Paulista (PE),2012,NA,NA,NA
1326,2610707,Paulista (PE),2013,52.6,67.4,76.88
1327,2610707,Paulista (PE),2014,54.7,65.56,74.65
1328,2610707,Paulista (PE),2015,53.7,62.77,74.36
1329,2610707,Paulista (PE),2016,53.1,58.89,72.18
1330,2610707,Paulista (PE),2017,56.2,64.97,79.05
1331,2610707,Paulista (PE),2018,NA,NA,NA
1332,2610806,Pedra (PE),2008,NA,NA,NA
1333,2610806,Pedra (PE),2009,NA,NA,NA
1334,2610806,Pedra (PE),2010,NA,NA,NA
1335,2610806,Pedra (PE),2011,NA,NA,NA
1336,2610806,Pedra (PE),2012,NA,NA,NA
1337,2610806,Pedra (PE),2013,21.3,72.73,77.27
1338,2610806,Pedra (PE),2014,25.1,68.72,84.54
1339,2610806,Pedra (PE),2015,24.2,65.15,85.22
1340,2610806,Pedra (PE),2016,32.1,61.95,81.82
1341,2610806,Pedra (PE),2017,30.4,52.43,76.93
1342,2610806,Pedra (PE),2018,NA,NA,NA
1343,2610905,Pesqueira (PE),2008,NA,NA,NA
1344,2610905,Pesqueira (PE),2009,NA,NA,NA
1345,2610905,Pesqueira (PE),2010,NA,NA,NA
1346,2610905,Pesqueira (PE),2011,NA,NA,NA
1347,2610905,Pesqueira (PE),2012,NA,NA,NA
1348,2610905,Pesqueira (PE),2013,25.6,61.29,76.66
1349,2610905,Pesqueira (PE),2014,26.2,67.33,76.28
1350,2610905,Pesqueira (PE),2015,27.5,66.18,77.7
1351,2610905,Pesqueira (PE),2016,27.7,60.09,83.6
1352,2610905,Pesqueira (PE),2017,27.3,58.46,84.98
1353,2610905,Pesqueira (PE),2018,NA,NA,NA
1354,2611002,Petrolândia (PE),2008,NA,NA,NA
1355,2611002,Petrolândia (PE),2009,NA,NA,NA
1356,2611002,Petrolândia (PE),2010,NA,NA,NA
1357,2611002,Petrolândia (PE),2011,NA,NA,NA
1358,2611002,Petrolândia (PE),2012,NA,NA,NA
1359,2611002,Petrolândia (PE),2013,34,31.44,78.95
1360,2611002,Petrolândia (PE),2014,33.9,25.93,84.36
1361,2611002,Petrolândia (PE),2015,44.9,24.8,86.67
1362,2611002,Petrolândia (PE),2016,44.1,16,87.99
1363,2611002,Petrolândia (PE),2017,40.7,12.91,88.41
1364,2611002,Petrolândia (PE),2018,NA,NA,NA
1365,2611101,Petrolina (PE),2008,NA,NA,NA
1366,2611101,Petrolina (PE),2009,NA,NA,NA
1367,2611101,Petrolina (PE),2010,NA,NA,NA
1368,2611101,Petrolina (PE),2011,NA,NA,NA
1369,2611101,Petrolina (PE),2012,NA,NA,NA
1370,2611101,Petrolina (PE),2013,42.5,86.45,81.02
1371,2611101,Petrolina (PE),2014,44.4,85.8,89.37
1372,2611101,Petrolina (PE),2015,41.9,81.07,96.46
1373,2611101,Petrolina (PE),2016,43.7,76.62,97.8
1374,2611101,Petrolina (PE),2017,49.8,70.46,97.51
1375,2611101,Petrolina (PE),2018,NA,NA,NA
1376,2611200,Poção (PE),2008,NA,NA,NA
1377,2611200,Poção (PE),2009,NA,NA,NA
1378,2611200,Poção (PE),2010,NA,NA,NA
1379,2611200,Poção (PE),2011,NA,NA,NA
1380,2611200,Poção (PE),2012,NA,NA,NA
1381,2611200,Poção (PE),2013,44.8,76.03,67.25
1382,2611200,Poção (PE),2014,45.4,80.43,82.61
1383,2611200,Poção (PE),2015,50.5,79.01,93.12
1384,2611200,Poção (PE),2016,37.8,78.48,93.37
1385,2611200,Poção (PE),2017,38.1,79.21,93.82
1386,2611200,Poção (PE),2018,NA,NA,NA
1387,2611309,Pombos (PE),2008,NA,NA,NA
1388,2611309,Pombos (PE),2009,NA,NA,NA
1389,2611309,Pombos (PE),2010,NA,NA,NA
1390,2611309,Pombos (PE),2011,NA,NA,NA
1391,2611309,Pombos (PE),2012,NA,NA,NA
1392,2611309,Pombos (PE),2013,38.1,14.29,62.9
1393,2611309,Pombos (PE),2014,41.1,13.35,39.92
1394,2611309,Pombos (PE),2015,38.3,13.09,69.37
1395,2611309,Pombos (PE),2016,40.6,16.42,73.34
1396,2611309,Pombos (PE),2017,38.6,23.01,82.55
1397,2611309,Pombos (PE),2018,NA,NA,NA
1398,2611408,Primavera (PE),2008,NA,NA,NA
1399,2611408,Primavera (PE),2009,NA,NA,NA
1400,2611408,Primavera (PE),2010,NA,NA,NA
1401,2611408,Primavera (PE),2011,NA,NA,NA
1402,2611408,Primavera (PE),2012,NA,NA,NA
1403,2611408,Primavera (PE),2013,34.7,67.26,83.18
1404,2611408,Primavera (PE),2014,37.3,63.32,81.39
1405,2611408,Primavera (PE),2015,42.8,62.04,82.94
1406,2611408,Primavera (PE),2016,37.6,7.65,90.37
1407,2611408,Primavera (PE),2017,40.7,8.61,91.8
1408,2611408,Primavera (PE),2018,NA,NA,NA
1409,2611507,Quipapá (PE),2008,NA,NA,NA
1410,2611507,Quipapá (PE),2009,NA,NA,NA
1411,2611507,Quipapá (PE),2010,NA,NA,NA
1412,2611507,Quipapá (PE),2011,NA,NA,NA
1413,2611507,Quipapá (PE),2012,NA,NA,NA
1414,2611507,Quipapá (PE),2013,35.2,60.56,55.65
1415,2611507,Quipapá (PE),2014,29.1,59.5,55.51
1416,2611507,Quipapá (PE),2015,24.9,55.57,76.33
1417,2611507,Quipapá (PE),2016,27.2,58.2,75.48
1418,2611507,Quipapá (PE),2017,52.9,8.18,41.88
1419,2611507,Quipapá (PE),2018,NA,NA,NA
1420,2611533,Quixaba (PE),2008,NA,NA,NA
1421,2611533,Quixaba (PE),2009,NA,NA,NA
1422,2611533,Quixaba (PE),2010,NA,NA,NA
1423,2611533,Quixaba (PE),2011,NA,NA,NA
1424,2611533,Quixaba (PE),2012,NA,NA,NA
1425,2611533,Quixaba (PE),2013,32.5,93.14,88.35
1426,2611533,Quixaba (PE),2014,27.6,98.77,77.67
1427,2611533,Quixaba (PE),2015,33.9,79.36,90.54
1428,2611533,Quixaba (PE),2016,37.9,75.44,94.93
1429,2611533,Quixaba (PE),2017,37.8,71.11,95.57
1430,2611533,Quixaba (PE),2018,NA,NA,NA
1431,2611606,Recife (PE),2008,NA,NA,NA
1432,2611606,Recife (PE),2009,NA,NA,NA
1433,2611606,Recife (PE),2010,NA,NA,NA
1434,2611606,Recife (PE),2011,NA,NA,NA
1435,2611606,Recife (PE),2012,NA,NA,NA
1436,2611606,Recife (PE),2013,66.4,85.47,97.04
1437,2611606,Recife (PE),2014,68.1,82.75,97.45
1438,2611606,Recife (PE),2015,66,76.8,98.49
1439,2611606,Recife (PE),2016,67.5,67,98.19
1440,2611606,Recife (PE),2017,66.4,62.25,96.64
1441,2611606,Recife (PE),2018,NA,NA,NA
1442,2611705,Riacho das Almas (PE),2008,NA,NA,NA
1443,2611705,Riacho das Almas (PE),2009,NA,NA,NA
1444,2611705,Riacho das Almas (PE),2010,NA,NA,NA
1445,2611705,Riacho das Almas (PE),2011,NA,NA,NA
1446,2611705,Riacho das Almas (PE),2012,NA,NA,NA
1447,2611705,Riacho das Almas (PE),2013,32.1,61.05,63.54
1448,2611705,Riacho das Almas (PE),2014,32.4,64.91,86.99
1449,2611705,Riacho das Almas (PE),2015,30.8,63.69,86.13
1450,2611705,Riacho das Almas (PE),2016,30.4,62.02,87.23
1451,2611705,Riacho das Almas (PE),2017,50.8,62.06,87.83
1452,2611705,Riacho das Almas (PE),2018,NA,NA,NA
1453,2611804,Ribeirão (PE),2008,NA,NA,NA
1454,2611804,Ribeirão (PE),2009,NA,NA,NA
1455,2611804,Ribeirão (PE),2010,NA,NA,NA
1456,2611804,Ribeirão (PE),2011,NA,NA,NA
1457,2611804,Ribeirão (PE),2012,NA,NA,NA
1458,2611804,Ribeirão (PE),2013,17.4,39.28,76.88
1459,2611804,Ribeirão (PE),2014,17.5,36.07,76.28
1460,2611804,Ribeirão (PE),2015,16.8,28.19,84.37
1461,2611804,Ribeirão (PE),2016,17,30.13,85.21
1462,2611804,Ribeirão (PE),2017,19.9,23.45,89.06
1463,2611804,Ribeirão (PE),2018,NA,NA,NA
1464,2611903,Rio Formoso (PE),2008,NA,NA,NA
1465,2611903,Rio Formoso (PE),2009,NA,NA,NA
1466,2611903,Rio Formoso (PE),2010,NA,NA,NA
1467,2611903,Rio Formoso (PE),2011,NA,NA,NA
1468,2611903,Rio Formoso (PE),2012,NA,NA,NA
1469,2611903,Rio Formoso (PE),2013,37.4,88.54,85.59
1470,2611903,Rio Formoso (PE),2014,35.5,87.41,86.49
1471,2611903,Rio Formoso (PE),2015,37.8,86.58,97.03
1472,2611903,Rio Formoso (PE),2016,43.2,87.56,97.05
1473,2611903,Rio Formoso (PE),2017,44.1,87.45,74.07
1474,2611903,Rio Formoso (PE),2018,NA,NA,NA
1475,2612000,Sairé (PE),2008,NA,NA,NA
1476,2612000,Sairé (PE),2009,NA,NA,NA
1477,2612000,Sairé (PE),2010,NA,NA,NA
1478,2612000,Sairé (PE),2011,NA,NA,NA
1479,2612000,Sairé (PE),2012,NA,NA,NA
1480,2612000,Sairé (PE),2013,20.8,57.69,83.99
1481,2612000,Sairé (PE),2014,25.3,24.59,84.78
1482,2612000,Sairé (PE),2015,26.1,26.1,92.57
1483,2612000,Sairé (PE),2016,21.1,62.97,91.82
1484,2612000,Sairé (PE),2017,21.2,61.1,89.94
1485,2612000,Sairé (PE),2018,NA,NA,NA
1486,2612109,Salgadinho (PE),2008,NA,NA,NA
1487,2612109,Salgadinho (PE),2009,NA,NA,NA
1488,2612109,Salgadinho (PE),2010,NA,NA,NA
1489,2612109,Salgadinho (PE),2011,NA,NA,NA
1490,2612109,Salgadinho (PE),2012,NA,NA,NA
1491,2612109,Salgadinho (PE),2013,25.6,81.15,72.48
1492,2612109,Salgadinho (PE),2014,29.2,82.21,73.67
1493,2612109,Salgadinho (PE),2015,33.4,81.88,81.13
1494,2612109,Salgadinho (PE),2016,28.6,81.94,81.52
1495,2612109,Salgadinho (PE),2017,30.1,81.02,80.71
1496,2612109,Salgadinho (PE),2018,NA,NA,NA
1497,2612208,Salgueiro (PE),2008,NA,NA,NA
1498,2612208,Salgueiro (PE),2009,NA,NA,NA
1499,2612208,Salgueiro (PE),2010,NA,NA,NA
1500,2612208,Salgueiro (PE),2011,NA,NA,NA
1501,2612208,Salgueiro (PE),2012,NA,NA,NA
1502,2612208,Salgueiro (PE),2013,38.9,82.77,85.92
1503,2612208,Salgueiro (PE),2014,41.6,82.92,85.86
1504,2612208,Salgueiro (PE),2015,48.7,82.5,85.79
1505,2612208,Salgueiro (PE),2016,49.7,83.36,88.02
1506,2612208,Salgueiro (PE),2017,48,69.94,94.91
1507,2612208,Salgueiro (PE),2018,NA,NA,NA
1508,2612307,Saloá (PE),2008,NA,NA,NA
1509,2612307,Saloá (PE),2009,NA,NA,NA
1510,2612307,Saloá (PE),2010,NA,NA,NA
1511,2612307,Saloá (PE),2011,NA,NA,NA
1512,2612307,Saloá (PE),2012,NA,NA,NA
1513,2612307,Saloá (PE),2013,16.1,73.99,75.65
1514,2612307,Saloá (PE),2014,17.3,74.68,76.3
1515,2612307,Saloá (PE),2015,23,78.51,79.89
1516,2612307,Saloá (PE),2016,23.5,77.2,79.04
1517,2612307,Saloá (PE),2017,26.7,79.8,80.64
1518,2612307,Saloá (PE),2018,NA,NA,NA
1519,2612406,Sanharó (PE),2008,NA,NA,NA
1520,2612406,Sanharó (PE),2009,NA,NA,NA
1521,2612406,Sanharó (PE),2010,NA,NA,NA
1522,2612406,Sanharó (PE),2011,NA,NA,NA
1523,2612406,Sanharó (PE),2012,NA,NA,NA
1524,2612406,Sanharó (PE),2013,22.7,72.75,81.67
1525,2612406,Sanharó (PE),2014,24.5,71.78,85.89
1526,2612406,Sanharó (PE),2015,22.1,70.88,77.82
1527,2612406,Sanharó (PE),2016,22.7,33.33,79.85
1528,2612406,Sanharó (PE),2017,22.8,31.6,83.18
1529,2612406,Sanharó (PE),2018,NA,NA,NA
1530,2612455,Santa Cruz (PE),2008,NA,NA,NA
1531,2612455,Santa Cruz (PE),2009,NA,NA,NA
1532,2612455,Santa Cruz (PE),2010,NA,NA,NA
1533,2612455,Santa Cruz (PE),2011,NA,NA,NA
1534,2612455,Santa Cruz (PE),2012,NA,NA,NA
1535,2612455,Santa Cruz (PE),2013,35.5,95.31,65.45
1536,2612455,Santa Cruz (PE),2014,45.1,95.54,72.5
1537,2612455,Santa Cruz (PE),2015,45.2,84.03,69.29
1538,2612455,Santa Cruz (PE),2016,48.9,85.3,77.37
1539,2612455,Santa Cruz (PE),2017,46.7,88.86,84.56
1540,2612455,Santa Cruz (PE),2018,NA,NA,NA
1541,2612505,Santa Cruz do Capibaribe (PE),2008,NA,NA,NA
1542,2612505,Santa Cruz do Capibaribe (PE),2009,NA,NA,NA
1543,2612505,Santa Cruz do Capibaribe (PE),2010,NA,NA,NA
1544,2612505,Santa Cruz do Capibaribe (PE),2011,NA,NA,NA
1545,2612505,Santa Cruz do Capibaribe (PE),2012,NA,NA,NA
1546,2612505,Santa Cruz do Capibaribe (PE),2013,46.7,79.63,70.66
1547,2612505,Santa Cruz do Capibaribe (PE),2014,44.7,73.71,87.16
1548,2612505,Santa Cruz do Capibaribe (PE),2015,45.4,70.93,100
1549,2612505,Santa Cruz do Capibaribe (PE),2016,46,72.11,100
1550,2612505,Santa Cruz do Capibaribe (PE),2017,46.5,64.58,100
1551,2612505,Santa Cruz do Capibaribe (PE),2018,NA,NA,NA
1552,2612554,Santa Filomena (PE),2008,NA,NA,NA
1553,2612554,Santa Filomena (PE),2009,NA,NA,NA
1554,2612554,Santa Filomena (PE),2010,NA,NA,NA
1555,2612554,Santa Filomena (PE),2011,NA,NA,NA
1556,2612554,Santa Filomena (PE),2012,NA,NA,NA
1557,2612554,Santa Filomena (PE),2013,38.2,25.21,49.82
1558,2612554,Santa Filomena (PE),2014,32,23.83,23.83
1559,2612554,Santa Filomena (PE),2015,32.7,27.84,41.37
1560,2612554,Santa Filomena (PE),2016,33,12.61,57.67
1561,2612554,Santa Filomena (PE),2017,35.5,15.28,76.67
1562,2612554,Santa Filomena (PE),2018,NA,NA,NA
1563,2612604,Santa Maria da Boa Vista (PE),2008,NA,NA,NA
1564,2612604,Santa Maria da Boa Vista (PE),2009,NA,NA,NA
1565,2612604,Santa Maria da Boa Vista (PE),2010,NA,NA,NA
1566,2612604,Santa Maria da Boa Vista (PE),2011,NA,NA,NA
1567,2612604,Santa Maria da Boa Vista (PE),2012,NA,NA,NA
1568,2612604,Santa Maria da Boa Vista (PE),2013,32.5,59.48,52.95
1569,2612604,Santa Maria da Boa Vista (PE),2014,38.7,68.55,45.38
1570,2612604,Santa Maria da Boa Vista (PE),2015,40.4,57.18,47.75
1571,2612604,Santa Maria da Boa Vista (PE),2016,45.2,45.61,60.5
1572,2612604,Santa Maria da Boa Vista (PE),2017,42.8,28.51,56.55
1573,2612604,Santa Maria da Boa Vista (PE),2018,NA,NA,NA
1574,2612703,Santa Maria do Cambucá (PE),2008,NA,NA,NA
1575,2612703,Santa Maria do Cambucá (PE),2009,NA,NA,NA
1576,2612703,Santa Maria do Cambucá (PE),2010,NA,NA,NA
1577,2612703,Santa Maria do Cambucá (PE),2011,NA,NA,NA
1578,2612703,Santa Maria do Cambucá (PE),2012,NA,NA,NA
1579,2612703,Santa Maria do Cambucá (PE),2013,30.5,63.27,67.56
1580,2612703,Santa Maria do Cambucá (PE),2014,34.9,63.44,65.51
1581,2612703,Santa Maria do Cambucá (PE),2015,32.4,62.42,64.34
1582,2612703,Santa Maria do Cambucá (PE),2016,46.1,59.37,61.24
1583,2612703,Santa Maria do Cambucá (PE),2017,46.5,0,61.06
1584,2612703,Santa Maria do Cambucá (PE),2018,NA,NA,NA
1585,2612802,Santa Terezinha (PE),2008,NA,NA,NA
1586,2612802,Santa Terezinha (PE),2009,NA,NA,NA
1587,2612802,Santa Terezinha (PE),2010,NA,NA,NA
1588,2612802,Santa Terezinha (PE),2011,NA,NA,NA
1589,2612802,Santa Terezinha (PE),2012,NA,NA,NA
1590,2612802,Santa Terezinha (PE),2013,26.8,83.68,77.35
1591,2612802,Santa Terezinha (PE),2014,28.3,83.88,85.19
1592,2612802,Santa Terezinha (PE),2015,32.8,82.1,86.12
1593,2612802,Santa Terezinha (PE),2016,29.9,71.87,89.06
1594,2612802,Santa Terezinha (PE),2017,40.9,74.71,93.88
1595,2612802,Santa Terezinha (PE),2018,NA,NA,NA
1596,2612901,São Benedito do Sul (PE),2008,NA,NA,NA
1597,2612901,São Benedito do Sul (PE),2009,NA,NA,NA
1598,2612901,São Benedito do Sul (PE),2010,NA,NA,NA
1599,2612901,São Benedito do Sul (PE),2011,NA,NA,NA
1600,2612901,São Benedito do Sul (PE),2012,NA,NA,NA
1601,2612901,São Benedito do Sul (PE),2013,10.4,59.31,56.77
1602,2612901,São Benedito do Sul (PE),2014,23.9,57.24,62.25
1603,2612901,São Benedito do Sul (PE),2015,16.8,47.1,70.39
1604,2612901,São Benedito do Sul (PE),2016,16.6,44.05,68.36
1605,2612901,São Benedito do Sul (PE),2017,21.5,45.15,51.3
1606,2612901,São Benedito do Sul (PE),2018,NA,NA,NA
1607,2613008,São Bento do Una (PE),2008,NA,NA,NA
1608,2613008,São Bento do Una (PE),2009,NA,NA,NA
1609,2613008,São Bento do Una (PE),2010,NA,NA,NA
1610,2613008,São Bento do Una (PE),2011,NA,NA,NA
1611,2613008,São Bento do Una (PE),2012,NA,NA,NA
1612,2613008,São Bento do Una (PE),2013,35.7,76.56,60.22
1613,2613008,São Bento do Una (PE),2014,33.5,76.77,54.66
1614,2613008,São Bento do Una (PE),2015,31,50.38,60.4
1615,2613008,São Bento do Una (PE),2016,32.9,52.61,61.37
1616,2613008,São Bento do Una (PE),2017,34.6,53.26,59.93
1617,2613008,São Bento do Una (PE),2018,NA,NA,NA
1618,2613107,São Caitano (PE),2008,NA,NA,NA
1619,2613107,São Caitano (PE),2009,NA,NA,NA
1620,2613107,São Caitano (PE),2010,NA,NA,NA
1621,2613107,São Caitano (PE),2011,NA,NA,NA
1622,2613107,São Caitano (PE),2012,NA,NA,NA
1623,2613107,São Caitano (PE),2013,49.5,42.92,64.08
1624,2613107,São Caitano (PE),2014,35.8,37.89,68.26
1625,2613107,São Caitano (PE),2015,32.2,30.95,88.06
1626,2613107,São Caitano (PE),2016,46.1,25.07,93.44
1627,2613107,São Caitano (PE),2017,33.7,6.1,92.32
1628,2613107,São Caitano (PE),2018,NA,NA,NA
1629,2613206,São João (PE),2008,NA,NA,NA
1630,2613206,São João (PE),2009,NA,NA,NA
1631,2613206,São João (PE),2010,NA,NA,NA
1632,2613206,São João (PE),2011,NA,NA,NA
1633,2613206,São João (PE),2012,NA,NA,NA
1634,2613206,São João (PE),2013,43.8,69.87,57.33
1635,2613206,São João (PE),2014,38,68.03,47.37
1636,2613206,São João (PE),2015,39.1,66.05,63.13
1637,2613206,São João (PE),2016,34.5,41.66,68.83
1638,2613206,São João (PE),2017,45.7,9.19,78.2
1639,2613206,São João (PE),2018,NA,NA,NA
1640,2613305,São Joaquim do Monte (PE),2008,NA,NA,NA
1641,2613305,São Joaquim do Monte (PE),2009,NA,NA,NA
1642,2613305,São Joaquim do Monte (PE),2010,NA,NA,NA
1643,2613305,São Joaquim do Monte (PE),2011,NA,NA,NA
1644,2613305,São Joaquim do Monte (PE),2012,NA,NA,NA
1645,2613305,São Joaquim do Monte (PE),2013,27.3,77.57,85.1
1646,2613305,São Joaquim do Monte (PE),2014,31.8,77.12,84.56
1647,2613305,São Joaquim do Monte (PE),2015,34.4,65.16,86.45
1648,2613305,São Joaquim do Monte (PE),2016,34.6,69.9,88
1649,2613305,São Joaquim do Monte (PE),2017,33.1,70.17,90.69
1650,2613305,São Joaquim do Monte (PE),2018,NA,NA,NA
1651,2613404,São José da Coroa Grande (PE),2008,NA,NA,NA
1652,2613404,São José da Coroa Grande (PE),2009,NA,NA,NA
1653,2613404,São José da Coroa Grande (PE),2010,NA,NA,NA
1654,2613404,São José da Coroa Grande (PE),2011,NA,NA,NA
1655,2613404,São José da Coroa Grande (PE),2012,NA,NA,NA
1656,2613404,São José da Coroa Grande (PE),2013,31.9,65.77,68.01
1657,2613404,São José da Coroa Grande (PE),2014,36.1,70.27,77.25
1658,2613404,São José da Coroa Grande (PE),2015,32.5,64.83,78.46
1659,2613404,São José da Coroa Grande (PE),2016,37.3,62.28,71.97
1660,2613404,São José da Coroa Grande (PE),2017,40.1,62.22,68.26
1661,2613404,São José da Coroa Grande (PE),2018,NA,NA,NA
1662,2613503,São José do Belmonte (PE),2008,NA,NA,NA
1663,2613503,São José do Belmonte (PE),2009,NA,NA,NA
1664,2613503,São José do Belmonte (PE),2010,NA,NA,NA
1665,2613503,São José do Belmonte (PE),2011,NA,NA,NA
1666,2613503,São José do Belmonte (PE),2012,NA,NA,NA
1667,2613503,São José do Belmonte (PE),2013,33.7,63.12,67.78
1668,2613503,São José do Belmonte (PE),2014,35,61.72,62.83
1669,2613503,São José do Belmonte (PE),2015,34.7,63.19,68.75
1670,2613503,São José do Belmonte (PE),2016,31.8,66.31,73.82
1671,2613503,São José do Belmonte (PE),2017,33.4,52.06,59.56
1672,2613503,São José do Belmonte (PE),2018,NA,NA,NA
1673,2613602,São José do Egito (PE),2008,NA,NA,NA
1674,2613602,São José do Egito (PE),2009,NA,NA,NA
1675,2613602,São José do Egito (PE),2010,NA,NA,NA
1676,2613602,São José do Egito (PE),2011,NA,NA,NA
1677,2613602,São José do Egito (PE),2012,NA,NA,NA
1678,2613602,São José do Egito (PE),2013,38.8,78.67,72.15
1679,2613602,São José do Egito (PE),2014,43.1,74.2,90.2
1680,2613602,São José do Egito (PE),2015,47,53.61,86.3
1681,2613602,São José do Egito (PE),2016,52.6,33.81,95.2
1682,2613602,São José do Egito (PE),2017,50.6,33.1,96.59
1683,2613602,São José do Egito (PE),2018,NA,NA,NA
1684,2613701,São Lourenço da Mata (PE),2008,NA,NA,NA
1685,2613701,São Lourenço da Mata (PE),2009,NA,NA,NA
1686,2613701,São Lourenço da Mata (PE),2010,NA,NA,NA
1687,2613701,São Lourenço da Mata (PE),2011,NA,NA,NA
1688,2613701,São Lourenço da Mata (PE),2012,NA,NA,NA
1689,2613701,São Lourenço da Mata (PE),2013,44.7,50.65,68.88
1690,2613701,São Lourenço da Mata (PE),2014,40.8,52.62,64.21
1691,2613701,São Lourenço da Mata (PE),2015,31.4,40.15,60.79
1692,2613701,São Lourenço da Mata (PE),2016,32.7,28.97,66.34
1693,2613701,São Lourenço da Mata (PE),2017,37.4,18.74,64.49
1694,2613701,São Lourenço da Mata (PE),2018,NA,NA,NA
1695,2613800,São Vicente Ferrer (PE),2008,NA,NA,NA
1696,2613800,São Vicente Ferrer (PE),2009,NA,NA,NA
1697,2613800,São Vicente Ferrer (PE),2010,NA,NA,NA
1698,2613800,São Vicente Ferrer (PE),2011,NA,NA,NA
1699,2613800,São Vicente Ferrer (PE),2012,NA,NA,NA
1700,2613800,São Vicente Ferrer (PE),2013,50,37.65,86.44
1701,2613800,São Vicente Ferrer (PE),2014,44,20.38,94.53
1702,2613800,São Vicente Ferrer (PE),2015,40.8,19.22,95.19
1703,2613800,São Vicente Ferrer (PE),2016,44.5,16.82,95.85
1704,2613800,São Vicente Ferrer (PE),2017,44,56.42,95.75
1705,2613800,São Vicente Ferrer (PE),2018,NA,NA,NA
1706,2613909,Serra Talhada (PE),2008,NA,NA,NA
1707,2613909,Serra Talhada (PE),2009,NA,NA,NA
1708,2613909,Serra Talhada (PE),2010,NA,NA,NA
1709,2613909,Serra Talhada (PE),2011,NA,NA,NA
1710,2613909,Serra Talhada (PE),2012,NA,NA,NA
1711,2613909,Serra Talhada (PE),2013,32.5,70.47,53.61
1712,2613909,Serra Talhada (PE),2014,37.2,70.93,48.33
1713,2613909,Serra Talhada (PE),2015,39.2,66.09,47.07
1714,2613909,Serra Talhada (PE),2016,34.7,60.23,55.09
1715,2613909,Serra Talhada (PE),2017,34.9,55.01,41.61
1716,2613909,Serra Talhada (PE),2018,NA,NA,NA
1717,2614006,Serrita (PE),2008,NA,NA,NA
1718,2614006,Serrita (PE),2009,NA,NA,NA
1719,2614006,Serrita (PE),2010,NA,NA,NA
1720,2614006,Serrita (PE),2011,NA,NA,NA
1721,2614006,Serrita (PE),2012,NA,NA,NA
1722,2614006,Serrita (PE),2013,18.1,42.75,72.5
1723,2614006,Serrita (PE),2014,15.8,51.26,83.85
1724,2614006,Serrita (PE),2015,18.8,51.36,72.86
1725,2614006,Serrita (PE),2016,20.6,51.08,89.01
1726,2614006,Serrita (PE),2017,36.4,15.8,84.99
1727,2614006,Serrita (PE),2018,NA,NA,NA
1728,2614105,Sertânia (PE),2008,NA,NA,NA
1729,2614105,Sertânia (PE),2009,NA,NA,NA
1730,2614105,Sertânia (PE),2010,NA,NA,NA
1731,2614105,Sertânia (PE),2011,NA,NA,NA
1732,2614105,Sertânia (PE),2012,NA,NA,NA
1733,2614105,Sertânia (PE),2013,27.9,67.05,68.27
1734,2614105,Sertânia (PE),2014,31.2,69.85,69.15
1735,2614105,Sertânia (PE),2015,31.1,69.43,72.55
1736,2614105,Sertânia (PE),2016,29,67.33,68.53
1737,2614105,Sertânia (PE),2017,30.7,68.39,72.93
1738,2614105,Sertânia (PE),2018,NA,NA,NA
1739,2614204,Sirinhaém (PE),2008,NA,NA,NA
1740,2614204,Sirinhaém (PE),2009,NA,NA,NA
1741,2614204,Sirinhaém (PE),2010,NA,NA,NA
1742,2614204,Sirinhaém (PE),2011,NA,NA,NA
1743,2614204,Sirinhaém (PE),2012,NA,NA,NA
1744,2614204,Sirinhaém (PE),2013,32.3,70.09,21.06
1745,2614204,Sirinhaém (PE),2014,29.3,54.58,20.64
1746,2614204,Sirinhaém (PE),2015,29.6,55.4,39.08
1747,2614204,Sirinhaém (PE),2016,30.9,55.67,45.29
1748,2614204,Sirinhaém (PE),2017,30.1,56.95,44.7
1749,2614204,Sirinhaém (PE),2018,NA,NA,NA
1750,2614303,Moreilândia (PE),2008,NA,NA,NA
1751,2614303,Moreilândia (PE),2009,NA,NA,NA
1752,2614303,Moreilândia (PE),2010,NA,NA,NA
1753,2614303,Moreilândia (PE),2011,NA,NA,NA
1754,2614303,Moreilândia (PE),2012,NA,NA,NA
1755,2614303,Moreilândia (PE),2013,38.2,71.55,71.55
1756,2614303,Moreilândia (PE),2014,42.3,79.03,71.25
1757,2614303,Moreilândia (PE),2015,39.4,40.33,83.16
1758,2614303,Moreilândia (PE),2016,43.9,39.87,87.52
1759,2614303,Moreilândia (PE),2017,37.9,38.96,87.89
1760,2614303,Moreilândia (PE),2018,NA,NA,NA
1761,2614402,Solidão (PE),2008,NA,NA,NA
1762,2614402,Solidão (PE),2009,NA,NA,NA
1763,2614402,Solidão (PE),2010,NA,NA,NA
1764,2614402,Solidão (PE),2011,NA,NA,NA
1765,2614402,Solidão (PE),2012,NA,NA,NA
1766,2614402,Solidão (PE),2013,25,81.43,81.43
1767,2614402,Solidão (PE),2014,24.4,82.09,82.09
1768,2614402,Solidão (PE),2015,45.8,68.17,68.17
1769,2614402,Solidão (PE),2016,43.3,66.99,85.41
1770,2614402,Solidão (PE),2017,36.8,67.46,84.97
1771,2614402,Solidão (PE),2018,NA,NA,NA
1772,2614501,Surubim (PE),2008,NA,NA,NA
1773,2614501,Surubim (PE),2009,NA,NA,NA
1774,2614501,Surubim (PE),2010,NA,NA,NA
1775,2614501,Surubim (PE),2011,NA,NA,NA
1776,2614501,Surubim (PE),2012,NA,NA,NA
1777,2614501,Surubim (PE),2013,47.9,60.8,75.06
1778,2614501,Surubim (PE),2014,49.1,55.95,78.17
1779,2614501,Surubim (PE),2015,47.5,54.66,68.16
1780,2614501,Surubim (PE),2016,52.9,40.75,87.38
1781,2614501,Surubim (PE),2017,49.3,43.11,86.15
1782,2614501,Surubim (PE),2018,NA,NA,NA
1783,2614600,Tabira (PE),2008,NA,NA,NA
1784,2614600,Tabira (PE),2009,NA,NA,NA
1785,2614600,Tabira (PE),2010,NA,NA,NA
1786,2614600,Tabira (PE),2011,NA,NA,NA
1787,2614600,Tabira (PE),2012,NA,NA,NA
1788,2614600,Tabira (PE),2013,36.1,80.6,95.3
1789,2614600,Tabira (PE),2014,36.4,80.22,95.49
1790,2614600,Tabira (PE),2015,35.2,75.01,96.04
1791,2614600,Tabira (PE),2016,39.9,72.64,96.57
1792,2614600,Tabira (PE),2017,43.5,70.32,96.32
1793,2614600,Tabira (PE),2018,NA,NA,NA
1794,2614709,Tacaimbó (PE),2008,NA,NA,NA
1795,2614709,Tacaimbó (PE),2009,NA,NA,NA
1796,2614709,Tacaimbó (PE),2010,NA,NA,NA
1797,2614709,Tacaimbó (PE),2011,NA,NA,NA
1798,2614709,Tacaimbó (PE),2012,NA,NA,NA
1799,2614709,Tacaimbó (PE),2013,25.8,51.82,60.09
1800,2614709,Tacaimbó (PE),2014,32.8,46.21,22.68
1801,2614709,Tacaimbó (PE),2015,32.6,32.25,43.7
1802,2614709,Tacaimbó (PE),2016,35.2,33.44,44.81
1803,2614709,Tacaimbó (PE),2017,29,33.49,74.41
1804,2614709,Tacaimbó (PE),2018,NA,NA,NA
1805,2614808,Tacaratu (PE),2008,NA,NA,NA
1806,2614808,Tacaratu (PE),2009,NA,NA,NA
1807,2614808,Tacaratu (PE),2010,NA,NA,NA
1808,2614808,Tacaratu (PE),2011,NA,NA,NA
1809,2614808,Tacaratu (PE),2012,NA,NA,NA
1810,2614808,Tacaratu (PE),2013,23.5,57.42,68.43
1811,2614808,Tacaratu (PE),2014,22.7,56.11,67.34
1812,2614808,Tacaratu (PE),2015,22.4,51,68.66
1813,2614808,Tacaratu (PE),2016,20.9,51.99,78.63
1814,2614808,Tacaratu (PE),2017,21.8,53.19,72.53
1815,2614808,Tacaratu (PE),2018,NA,NA,NA
1816,2614857,Tamandaré (PE),2008,NA,NA,NA
1817,2614857,Tamandaré (PE),2009,NA,NA,NA
1818,2614857,Tamandaré (PE),2010,NA,NA,NA
1819,2614857,Tamandaré (PE),2011,NA,NA,NA
1820,2614857,Tamandaré (PE),2012,NA,NA,NA
1821,2614857,Tamandaré (PE),2013,17.7,54.83,53.48
1822,2614857,Tamandaré (PE),2014,19,53.18,53.74
1823,2614857,Tamandaré (PE),2015,38,73.13,64.1
1824,2614857,Tamandaré (PE),2016,41.3,72.24,61.96
1825,2614857,Tamandaré (PE),2017,32,66.23,67.88
1826,2614857,Tamandaré (PE),2018,NA,NA,NA
1827,2615003,Taquaritinga do Norte (PE),2008,NA,NA,NA
1828,2615003,Taquaritinga do Norte (PE),2009,NA,NA,NA
1829,2615003,Taquaritinga do Norte (PE),2010,NA,NA,NA
1830,2615003,Taquaritinga do Norte (PE),2011,NA,NA,NA
1831,2615003,Taquaritinga do Norte (PE),2012,NA,NA,NA
1832,2615003,Taquaritinga do Norte (PE),2013,41.4,67.97,22.83
1833,2615003,Taquaritinga do Norte (PE),2014,45.4,72.55,23.13
1834,2615003,Taquaritinga do Norte (PE),2015,41.7,69.99,26.5
1835,2615003,Taquaritinga do Norte (PE),2016,46.6,70.21,33.02
1836,2615003,Taquaritinga do Norte (PE),2017,44.1,51.52,66.42
1837,2615003,Taquaritinga do Norte (PE),2018,NA,NA,NA
1838,2615102,Terezinha (PE),2008,NA,NA,NA
1839,2615102,Terezinha (PE),2009,NA,NA,NA
1840,2615102,Terezinha (PE),2010,NA,NA,NA
1841,2615102,Terezinha (PE),2011,NA,NA,NA
1842,2615102,Terezinha (PE),2012,NA,NA,NA
1843,2615102,Terezinha (PE),2013,37.2,11.73,71.65
1844,2615102,Terezinha (PE),2014,41.2,18.64,68.79
1845,2615102,Terezinha (PE),2015,45.7,17.32,74.8
1846,2615102,Terezinha (PE),2016,45.3,14.94,79.07
1847,2615102,Terezinha (PE),2017,44.8,0,80.55
1848,2615102,Terezinha (PE),2018,NA,NA,NA
1849,2615201,Terra Nova (PE),2008,NA,NA,NA
1850,2615201,Terra Nova (PE),2009,NA,NA,NA
1851,2615201,Terra Nova (PE),2010,NA,NA,NA
1852,2615201,Terra Nova (PE),2011,NA,NA,NA
1853,2615201,Terra Nova (PE),2012,NA,NA,NA
1854,2615201,Terra Nova (PE),2013,35,57.14,69.49
1855,2615201,Terra Nova (PE),2014,38.8,56.25,70.27
1856,2615201,Terra Nova (PE),2015,37.9,58.52,85.05
1857,2615201,Terra Nova (PE),2016,45.2,54.67,99.73
1858,2615201,Terra Nova (PE),2017,43.4,52.36,99.51
1859,2615201,Terra Nova (PE),2018,NA,NA,NA
1860,2615300,Timbaúba (PE),2008,NA,NA,NA
1861,2615300,Timbaúba (PE),2009,NA,NA,NA
1862,2615300,Timbaúba (PE),2010,NA,NA,NA
1863,2615300,Timbaúba (PE),2011,NA,NA,NA
1864,2615300,Timbaúba (PE),2012,NA,NA,NA
1865,2615300,Timbaúba (PE),2013,32.3,92.6,82.41
1866,2615300,Timbaúba (PE),2014,35,91.81,89.77
1867,2615300,Timbaúba (PE),2015,35.7,91.7,92.01
1868,2615300,Timbaúba (PE),2016,38.7,83.19,82.02
1869,2615300,Timbaúba (PE),2017,37.3,82.52,79.75
1870,2615300,Timbaúba (PE),2018,NA,NA,NA
1871,2615409,Toritama (PE),2008,NA,NA,NA
1872,2615409,Toritama (PE),2009,NA,NA,NA
1873,2615409,Toritama (PE),2010,NA,NA,NA
1874,2615409,Toritama (PE),2011,NA,NA,NA
1875,2615409,Toritama (PE),2012,NA,NA,NA
1876,2615409,Toritama (PE),2013,12.3,48.08,65.93
1877,2615409,Toritama (PE),2014,12.6,40.08,62.58
1878,2615409,Toritama (PE),2015,11.7,35.25,66.9
1879,2615409,Toritama (PE),2016,10,26.46,55.78
1880,2615409,Toritama (PE),2017,33.3,34.92,40.59
1881,2615409,Toritama (PE),2018,NA,NA,NA
1882,2615508,Tracunhaém (PE),2008,NA,NA,NA
1883,2615508,Tracunhaém (PE),2009,NA,NA,NA
1884,2615508,Tracunhaém (PE),2010,NA,NA,NA
1885,2615508,Tracunhaém (PE),2011,NA,NA,NA
1886,2615508,Tracunhaém (PE),2012,NA,NA,NA
1887,2615508,Tracunhaém (PE),2013,49,75.94,73.8
1888,2615508,Tracunhaém (PE),2014,48.2,77.54,71.08
1889,2615508,Tracunhaém (PE),2015,42.3,76.87,69.13
1890,2615508,Tracunhaém (PE),2016,39.5,77.65,53.2
1891,2615508,Tracunhaém (PE),2017,36.5,77.98,58.31
1892,2615508,Tracunhaém (PE),2018,NA,NA,NA
1893,2615607,Trindade (PE),2008,NA,NA,NA
1894,2615607,Trindade (PE),2009,NA,NA,NA
1895,2615607,Trindade (PE),2010,NA,NA,NA
1896,2615607,Trindade (PE),2011,NA,NA,NA
1897,2615607,Trindade (PE),2012,NA,NA,NA
1898,2615607,Trindade (PE),2013,39.7,73.7,87.31
1899,2615607,Trindade (PE),2014,38.3,74.42,89.58
1900,2615607,Trindade (PE),2015,36.6,61.21,88.45
1901,2615607,Trindade (PE),2016,34.4,49.85,78.6
1902,2615607,Trindade (PE),2017,30.3,48.59,80.42
1903,2615607,Trindade (PE),2018,NA,NA,NA
1904,2615706,Triunfo (PE),2008,NA,NA,NA
1905,2615706,Triunfo (PE),2009,NA,NA,NA
1906,2615706,Triunfo (PE),2010,NA,NA,NA
1907,2615706,Triunfo (PE),2011,NA,NA,NA
1908,2615706,Triunfo (PE),2012,NA,NA,NA
1909,2615706,Triunfo (PE),2013,28.6,91.37,69.07
1910,2615706,Triunfo (PE),2014,28.7,91.99,70.8
1911,2615706,Triunfo (PE),2015,31.5,83.45,75.7
1912,2615706,Triunfo (PE),2016,31.2,75.39,81.01
1913,2615706,Triunfo (PE),2017,41.6,73.85,83.56
1914,2615706,Triunfo (PE),2018,NA,NA,NA
1915,2615805,Tupanatinga (PE),2008,NA,NA,NA
1916,2615805,Tupanatinga (PE),2009,NA,NA,NA
1917,2615805,Tupanatinga (PE),2010,NA,NA,NA
1918,2615805,Tupanatinga (PE),2011,NA,NA,NA
1919,2615805,Tupanatinga (PE),2012,NA,NA,NA
1920,2615805,Tupanatinga (PE),2013,16.5,68.32,55.48
1921,2615805,Tupanatinga (PE),2014,17.6,69.5,56.51
1922,2615805,Tupanatinga (PE),2015,48.8,70.5,58.65
1923,2615805,Tupanatinga (PE),2016,44.9,71.61,77.3
1924,2615805,Tupanatinga (PE),2017,29.1,74.39,63.68
1925,2615805,Tupanatinga (PE),2018,NA,NA,NA
1926,2615904,Tuparetama (PE),2008,NA,NA,NA
1927,2615904,Tuparetama (PE),2009,NA,NA,NA
1928,2615904,Tuparetama (PE),2010,NA,NA,NA
1929,2615904,Tuparetama (PE),2011,NA,NA,NA
1930,2615904,Tuparetama (PE),2012,NA,NA,NA
1931,2615904,Tuparetama (PE),2013,52.7,53.79,100
1932,2615904,Tuparetama (PE),2014,57.6,45.62,100
1933,2615904,Tuparetama (PE),2015,53.2,45.29,100
1934,2615904,Tuparetama (PE),2016,51.3,69.36,100
1935,2615904,Tuparetama (PE),2017,46.2,72.35,100
1936,2615904,Tuparetama (PE),2018,NA,NA,NA
1937,2616001,Venturosa (PE),2008,NA,NA,NA
1938,2616001,Venturosa (PE),2009,NA,NA,NA
1939,2616001,Venturosa (PE),2010,NA,NA,NA
1940,2616001,Venturosa (PE),2011,NA,NA,NA
1941,2616001,Venturosa (PE),2012,NA,NA,NA
1942,2616001,Venturosa (PE),2013,32.5,73.74,83.55
1943,2616001,Venturosa (PE),2014,34.7,87.89,83.01
1944,2616001,Venturosa (PE),2015,32.8,80.65,87.82
1945,2616001,Venturosa (PE),2016,34.9,79.49,92.77
1946,2616001,Venturosa (PE),2017,36.5,78.72,92.91
1947,2616001,Venturosa (PE),2018,NA,NA,NA
1948,2616100,Verdejante (PE),2008,NA,NA,NA
1949,2616100,Verdejante (PE),2009,NA,NA,NA
1950,2616100,Verdejante (PE),2010,NA,NA,NA
1951,2616100,Verdejante (PE),2011,NA,NA,NA
1952,2616100,Verdejante (PE),2012,NA,NA,NA
1953,2616100,Verdejante (PE),2013,33.1,90.49,83.59
1954,2616100,Verdejante (PE),2014,30.5,89.69,62.26
1955,2616100,Verdejante (PE),2015,29.1,96.42,55.68
1956,2616100,Verdejante (PE),2016,32.3,95.67,54.6
1957,2616100,Verdejante (PE),2017,30.5,69.71,36.46
1958,2616100,Verdejante (PE),2018,NA,NA,NA
1959,2616183,Vertente do Lério (PE),2008,NA,NA,NA
1960,2616183,Vertente do Lério (PE),2009,NA,NA,NA
1961,2616183,Vertente do Lério (PE),2010,NA,NA,NA
1962,2616183,Vertente do Lério (PE),2011,NA,NA,NA
1963,2616183,Vertente do Lério (PE),2012,NA,NA,NA
1964,2616183,Vertente do Lério (PE),2013,25.6,55.18,8.96
1965,2616183,Vertente do Lério (PE),2014,30.7,54.08,76.21
1966,2616183,Vertente do Lério (PE),2015,36.2,52.15,77.17
1967,2616183,Vertente do Lério (PE),2016,37.6,0,74.82
1968,2616183,Vertente do Lério (PE),2017,37.4,0,69.72
1969,2616183,Vertente do Lério (PE),2018,NA,NA,NA
1970,2616209,Vertentes (PE),2008,NA,NA,NA
1971,2616209,Vertentes (PE),2009,NA,NA,NA
1972,2616209,Vertentes (PE),2010,NA,NA,NA
1973,2616209,Vertentes (PE),2011,NA,NA,NA
1974,2616209,Vertentes (PE),2012,NA,NA,NA
1975,2616209,Vertentes (PE),2013,28,70.38,70.38
1976,2616209,Vertentes (PE),2014,29.9,66.88,66.88
1977,2616209,Vertentes (PE),2015,28.2,67.51,93.6
1978,2616209,Vertentes (PE),2016,27.9,68.21,93.85
1979,2616209,Vertentes (PE),2017,29.6,64.54,96.82
1980,2616209,Vertentes (PE),2018,NA,NA,NA
1981,2616308,Vicência (PE),2008,NA,NA,NA
1982,2616308,Vicência (PE),2009,NA,NA,NA
1983,2616308,Vicência (PE),2010,NA,NA,NA
1984,2616308,Vicência (PE),2011,NA,NA,NA
1985,2616308,Vicência (PE),2012,NA,NA,NA
1986,2616308,Vicência (PE),2013,30.1,73.58,78.87
1987,2616308,Vicência (PE),2014,27,77.51,89.49
1988,2616308,Vicência (PE),2015,25.6,79.2,97.26
1989,2616308,Vicência (PE),2016,28.5,79.18,82.51
1990,2616308,Vicência (PE),2017,32.2,74.09,97.37
1991,2616308,Vicência (PE),2018,NA,NA,NA
1992,2616407,Vitória de Santo Antão (PE),2008,NA,NA,NA
1993,2616407,Vitória de Santo Antão (PE),2009,NA,NA,NA
1994,2616407,Vitória de Santo Antão (PE),2010,NA,NA,NA
1995,2616407,Vitória de Santo Antão (PE),2011,NA,NA,NA
1996,2616407,Vitória de Santo Antão (PE),2012,NA,NA,NA
1997,2616407,Vitória de Santo Antão (PE),2013,32.2,74.76,80.03
1998,2616407,Vitória de Santo Antão (PE),2014,31.7,73.3,81.67
1999,2616407,Vitória de Santo Antão (PE),2015,29.6,73.97,84.3
2000,2616407,Vitória de Santo Antão (PE),2016,37.3,75.28,82.91
2001,2616407,Vitória de Santo Antão (PE),2017,41.9,59.35,84.68
2002,2616407,Vitória de Santo Antão (PE),2018,NA,NA,NA
2003,2616506,Xexéu (PE),2008,NA,NA,NA
2004,2616506,Xexéu (PE),2009,NA,NA,NA
2005,2616506,Xexéu (PE),2010,NA,NA,NA
2006,2616506,Xexéu (PE),2011,NA,NA,NA
2007,2616506,Xexéu (PE),2012,NA,NA,NA
2008,2616506,Xexéu (PE),2013,14.5,34.96,81.84
2009,2616506,Xexéu (PE),2014,21.3,32.01,81.68
2010,2616506,Xexéu (PE),2015,22.1,33.85,91.03
2011,2616506,Xexéu (PE),2016,22.1,29.61,91.02
2012,2616506,Xexéu (PE),2017,20.4,26.14,90.68
2013,2616506,Xexéu (PE),2018,NA,NA,NA